exclusion_id,candidate_object,candidate_period,reason_category,reason_detail,source_ids,could_be_reinstated_if,status
IL-EX-001,"ASEAN $185B invisible-economy aggregate",legacy manuscript,LEGACY_RESIDUAL_ONLY,"transaction value minus platform revenue is not GDP value added participant income taxable income or unmeasured economy",,"a new independently identified measurement design supports the claimed economic object",EXCLUDED_FROM_V2
IL-EX-002,"12.3x fiscal multiplier",legacy manuscript,LEGACY_RESIDUAL_ONLY,"ratio inherits the invalid residual interpretation and cannot be treated as fiscal/economic multiplier",,"redefined variable and independently valid denominator/numerator support a new question",EXCLUDED_FROM_V2
IL-EX-003,"Malaysia LVG DiD as causal validation of invisible economy",legacy manuscript,NON_COMPARABLE_DESIGN,"tax-base/collection policy change does not validate transaction-minus-revenue as missing GDP and old comparison design is superseded",,"complete re-identification supports a different bounded causal claim",EXCLUDED_FROM_V2
IL-EX-004,"Grab/Shopee Indonesia country allocations as headline issuer evidence",legacy and continuity material,ASSUMPTION_DEPENDENT,"regional issuer figures require country allocation assumptions; V2 prioritizes directly observed issuer/segment histories",,"country-specific source-native values become available or use is explicitly sensitivity-only",DEMOTED_TO_SENSITIVITY
IL-EX-005,"BPS 2023 business count = 3,816,750 as frozen denominator",2023,DEFINITION_BREAK,"indexed BPS renderings expose a conflicting English/Indonesian business-count representation; exact authoritative table row must be resolved before use","BPS-ECOM-2023","exact official table/edition/language row is pinned and reconciled",PENDING_RESOLUTION
IL-EX-006,"BPS 2024 business-count growth ~15.31% as frozen result",2023-2024,MISSING_SOURCE,"current V2 value is plausible but exact 2024 count and direct table locator are not frozen","BPS-ECOM-2023;BPS-ECOM-2024","both exact counts and definition continuity are pinned from primary tables",PENDING_RESOLUTION
IL-EX-007,"BI payment values/volumes treated as e-commerce sales or issuer GTV",all periods,NON_COMPARABLE_UNIT,"BI payment traces cover instrument/system activity whose definitions differ from business-survey sales and issuer transaction metrics","BI-SPIP-2024;BI-SPIP-2025;BI-SPIP-INDEX","never as level equivalence; only if a BI measure is explicitly commerce-specific and definition-matched",PERMANENT_NON_EQUIVALENCE
IL-EX-008,"July 2026 four-marketplace appointments described as current active PMK37 collection state",2026-07 to 2026-09,CURRENTNESS_SUPERSEDED,"DJP later postponed PMK37 marketplace PPh22 collection through 2026-10-31 and stated appointment decisions will be cancelled/reissued; start scheduled 2026-11-01","DJP-APPT-2026-07;DJP-DELAY-2026-08","new official post-delay appointment/activation evidence is published",EXCLUDED_FROM_CURRENT_STATE
IL-EX-009,"PMK37 legal reportability treated as successful matching/compliance outcome",2025-2026,INFERENCE_BOUNDARY,"law specifies a reporting/withholding architecture but does not establish actual transmission matching verified use or outcome as of 2026-09-14","PMK37-2025;DJP-DELAY-2026-08","instrument-specific operational evidence closes the relevant visibility stage",EXCLUDED_INFERENCE
