definition_id,issuer_or_segment,period,metric_name,metric_type,source_native_definition,unit,reported_or_derived,geographic_scope,business_scope,accounting_or_operating_basis,source_id,source_locator,comparability_status,allowed_use,forbidden_use,notes
TOKO-DEF-GTV-2022,GoTo E-commerce / Tokopedia,2022,GTV,OPERATING_METRIC,"GoTo defines GTV as an operating measure; for e-commerce the annual report presents e-commerce segment GTV and states 2022 segment performance highlights were aligned with 2023 presentation",IDR billion,REPORTED,"segment presentation within GoTo reporting perimeter","E-commerce/Tokopedia marketplace segment",OPERATING_NOT_ACCOUNTING_REVENUE,GOTO-AR-2023,"Operating metrics p6; E-commerce performance pp146-147",COMPARABLE_TO_2023_AS_PRESENTED,"within-segment 2022-2023 activity-growth comparison","GDP; merchant sales; platform revenue; participant income; taxable base","2022 segment performance is explicitly aligned to 2023 presentation in report highlights"
TOKO-DEF-GTV-2023,GoTo E-commerce / Tokopedia,2023,GTV,OPERATING_METRIC,"E-commerce segment Gross Transaction Value as presented by GoTo; group-wide GTV definition identifies e-commerce transaction value for products/services as one component of GTV",IDR billion,REPORTED,"segment presentation within GoTo reporting perimeter","E-commerce/Tokopedia marketplace segment",OPERATING_NOT_ACCOUNTING_REVENUE,GOTO-AR-2023,"Operating metrics p6; E-commerce performance pp146-147",COMPARABLE_TO_2022_AS_PRESENTED,"within-segment activity-growth comparison","GDP; merchant sales; platform revenue; participant income; taxable base","Use source-native operating-metric label rather than residual interpretation"
TOKO-DEF-SEGMENT,GoTo E-commerce / Tokopedia,2022-2023,E-commerce reportable segment,REPORTING_PERIMETER,"Annual Report Note 29 states E-commerce represents the Group's Tokopedia marketplace platform connecting consumers with merchants",NA,REPORTED,"GoTo consolidated reportable-segment perimeter","Tokopedia marketplace platform",SEGMENT_DEFINITION,GOTO-AR-2023,"Note 29 p473",FROZEN_PERIMETER,"identify the business object to which segment revenue table applies","infer all Indonesia e-commerce or all Tokopedia-related economic activity","2024 ownership transaction is later than the 2022-2023 transition and should not be imported backward into the comparison"
TOKO-DEF-GROSS3P-2022,GoTo E-commerce / Tokopedia,2022,third-party gross segment revenue,ACCOUNTING_SEGMENT_REVENUE,"Third-party segment revenue before incentives as reported in Note 29 E-commerce column",IDR million,REPORTED,"GoTo consolidated segment reporting","E-commerce/Tokopedia marketplace segment",AUDITED_SEGMENT_REVENUE_GROSS,GOTO-AR-2023,"Note 29 pp474-475",COMPARABLE_TO_2023_RESTATED_TABLE,"accounting bridge and within-segment revenue comparison","GTV; merchant turnover; hidden value; tax base","Keep distinct from management gross revenue headline 8,228bn because Note 29 third-party gross segment revenue is 8,143,239m"
TOKO-DEF-GROSS3P-2023,GoTo E-commerce / Tokopedia,2023,third-party gross segment revenue,ACCOUNTING_SEGMENT_REVENUE,"Third-party segment revenue before incentives as reported in Note 29 E-commerce column",IDR million,REPORTED,"GoTo consolidated segment reporting","E-commerce/Tokopedia marketplace segment",AUDITED_SEGMENT_REVENUE_GROSS,GOTO-AR-2023,"Note 29 pp474-475",COMPARABLE_TO_2022_TABLE,"accounting bridge and within-segment revenue comparison","GTV; merchant turnover; hidden value; tax base","Note 29 value 8,988,909m differs from management gross-revenue headline 9,123bn; use Note 29 for the audited third-party reconciliation"
TOKO-DEF-INC-2022,GoTo E-commerce / Tokopedia,2022,customer incentives,CONTRA_REVENUE_COMPONENT,"Customer incentives reported within the Note 29 E-commerce segment revenue reconciliation",IDR million,REPORTED,"GoTo consolidated segment reporting","E-commerce/Tokopedia marketplace segment",AUDITED_SEGMENT_RECONCILIATION_COMPONENT,GOTO-AR-2023,"Note 29 pp474-475",COMPARABLE_TO_2023_TABLE,"arithmetic reconciliation of gross-to-net segment revenue","causal effect of incentives on transaction demand or welfare","Use as accounting component only"
TOKO-DEF-INC-2023,GoTo E-commerce / Tokopedia,2023,customer incentives,CONTRA_REVENUE_COMPONENT,"Customer incentives reported within the Note 29 E-commerce segment revenue reconciliation",IDR million,REPORTED,"GoTo consolidated segment reporting","E-commerce/Tokopedia marketplace segment",AUDITED_SEGMENT_RECONCILIATION_COMPONENT,GOTO-AR-2023,"Note 29 pp474-475",COMPARABLE_TO_2022_TABLE,"arithmetic reconciliation of gross-to-net segment revenue","causal effect of incentives on transaction demand or welfare","Use as accounting component only"
TOKO-DEF-NET3P-2022,GoTo E-commerce / Tokopedia,2022,third-party net segment revenue,ACCOUNTING_SEGMENT_REVENUE,"Third-party segment revenue after reported customer incentives in Note 29 E-commerce column",IDR million,REPORTED,"GoTo consolidated segment reporting","E-commerce/Tokopedia marketplace segment",AUDITED_SEGMENT_REVENUE_NET,GOTO-AR-2023,"Note 29 pp474-475",COMPARABLE_TO_2023_TABLE,"within-segment recognized-revenue growth signal","GTV; merchant sales; participant income; GDP; tax base","Net segment revenue = source-table accounting object, not transaction residual"
TOKO-DEF-NET3P-2023,GoTo E-commerce / Tokopedia,2023,third-party net segment revenue,ACCOUNTING_SEGMENT_REVENUE,"Third-party segment revenue after reported customer incentives in Note 29 E-commerce column",IDR million,REPORTED,"GoTo consolidated segment reporting","E-commerce/Tokopedia marketplace segment",AUDITED_SEGMENT_REVENUE_NET,GOTO-AR-2023,"Note 29 pp474-475",COMPARABLE_TO_2022_TABLE,"within-segment recognized-revenue growth signal","GTV; merchant sales; participant income; GDP; tax base","Net segment revenue = source-table accounting object, not transaction residual"
