result_id,research_question,result_short,input_artifact,input_row_ids,transformation,output_status,source_ids,validation_status,allowed_manuscript_use,blocker_or_refresh_rule
IL-R01,RQ1,"Tokopedia e-commerce GTV falls while third-party net segment revenue rises in FY2022-FY2023",ISSUER_TRANSITION_LEDGER.csv,IL-ISS-TOKO-22-23,"direct period-matched growth comparison using reported source-native metrics",FROZEN_RESULT,"GOTO-AR-2023;GOTO-FY23-RESULTS",VALIDATED_STRUCTURALLY,"headline opposite-direction issuer example with reporting-perimeter caveat","refresh only if audited filing interpretation changes"
IL-R02,RQ1,"Lower customer incentives account for 60.56142157% of the arithmetic increase in Tokopedia third-party net segment revenue",TOKOPEDIA_RECONCILIATION.csv,"TOKO-REC-GROSS3P;TOKO-REC-INCENTIVES;TOKO-REC-NET3P;TOKO-REC-DELTA-INC;TOKO-REC-CHECK","(incentives_2022-incentives_2023)/(net_2023-net_2022)*100; verify gross-change + incentive-reduction = net-change",FROZEN_DERIVED,"GOTO-AR-2023",VALIDATED_IDENTITY,"mechanism/accounting reconciliation; explicitly arithmetic not causal","none for arithmetic identity; causal interpretation remains prohibited"
IL-R03,RQ2,"BPS e-commerce transaction value increases about 17.08% from 2023 to 2024",BPS_GROWTH_ANATOMY.csv,"BPS23-TOTAL;BPS24-TOTAL;BPS-D-TOTAL","(2024_total/2023_total-1)*100",PREVIEW_RESULT,"BPS-ECOM-2023;BPS-ECOM-2024",ARITHMETIC_VALIDATED_SOURCE_LOCATOR_PENDING,"provisional growth-anatomy result only","freeze exact 2024 primary table locator and definition continuity"
IL-R04,RQ2,"Marketplace component grows about 1.45% while non-marketplace component grows about 20.57%; about 98.46% of nominal increase is in non-marketplace component",BPS_GROWTH_ANATOMY.csv,"BPS23-MKT;BPS24-MKT;BPS23-NONMKT;BPS24-NONMKT;BPS-D-MKT;BPS-D-NONMKT;BPS-D-SHARE","within-channel growth plus (nonmkt24-nonmkt23)/(total24-total23)*100",PREVIEW_RESULT,"BPS-ECOM-2023;BPS-ECOM-2024",ARITHMETIC_VALIDATED_SOURCE_LOCATOR_PENDING,"provisional channel-composition result; descriptive only","freeze exact 2024 table locator and category-definition continuity"
IL-R05,RQ2,"BPS revised publication reports financial-statement ownership of 28.63% among marketplace businesses versus 12.25% among non-marketplace businesses",BPS_BUSINESS_CHARACTERISTICS.csv,"BPS-CHAR-FS-MKT;BPS-CHAR-FS-NM","direct descriptive comparison of reported group estimates",FROZEN_PRIMARY_OBSERVATIONAL,BPS-MKT-2025,VALIDATED_SOURCE_CONTROL,"descriptive association with explicit noncausal caveat","retain revised publication version and observational wording"
IL-R06,RQ2,"BPS business-count growth and implied value per business remain unresolved for V2 freeze",BPS_GROWTH_ANATOMY.csv,"BPS23-BUSINESSES;BPS24-BUSINESSES","no result promotion until primary table conflict is resolved",BLOCKED,"BPS-ECOM-2023;BPS-ECOM-2024",BLOCKED_SOURCE_RESOLUTION,"limitations/internal control only; do not state 15.31% or 1.54% as frozen findings","resolve exact 2023/2024 authoritative business-count table rows and definition continuity"
IL-R07,RQ2,"Bank Indonesia traces show rapid digital-payment-system growth but are definitionally distinct from e-commerce sales",BI_DEFINITION_LEDGER.csv,"BI-DIGPAY-VOL-2024;BI-MOBILE-VOL-GROWTH-2024;BI-INTERNET-VOL-GROWTH-2024;BI-QRIS-VOL-GROWTH-2024","direct within-series headline comparison; no cross-level aggregation",SUPPORTING_PREVIEW,"BI-SPIP-2024;BI-SPIP-INDEX",DEFINITION_FREEZE_PENDING,"motivation/supporting trace only until workbook definitions are frozen","extract exact SPIP workbook series definitions and row locators"
IL-R08,RQ3,"PMK 37/2025 creates legal marketplace withholding/reporting architecture but operational collection is postponed through 31 October 2026 with start scheduled 1 November 2026",INSTITUTIONAL_VISIBILITY_MATRIX.csv,"IL-PMK37-01;IL-PMK37-HIST-APPT;IL-PMK37-FUTURE-START","current-state chronology; later official notice controls earlier appointment event",CURRENTNESS_FROZEN_2026_09_14,"PMK37-2025;DJP-APPT-2026-07;DJP-DELAY-2026-08",VALIDATED_CURRENTNESS,"legal-architecture versus operational-activation distinction","refresh on or after 2026-11-01 or upon newer DJP implementation notice"
IL-R09,RQ3,"Current evidence does not establish PMK 37 matching verified use or compliance outcomes",INSTITUTIONAL_VISIBILITY_MATRIX.csv,IL-PMK37-01,"read separate visibility-stage statuses; later stages remain UNKNOWN",FROZEN_NONCLAIM,"PMK37-2025;DJP-DELAY-2026-08",VALIDATED_BOUNDARY,"limitations and research-design statement","promote only with instrument-specific operational evidence"
