day,market_price,peg_deviation_bps,supply,action,action_magnitude,in_band
0,1.0117994493409757,117.99449340975654,1015900.424590337,mint,14901.424590336988,True
1,0.9997004697778658,-2.9953022213424774,1022351.1201769211,mint,5451.6955865841355,True
2,0.9905738075656525,-94.26192434347502,1019017.2138296856,burn,-4332.906347235523,True
3,0.9867069940294643,-132.9300597053573,1008959.9322860099,burn,-11056.281543675721,True
4,1.031042229378895,310.42229378895,1048735.4873994894,mint,38776.55511347954,True
5,1.0282615288372674,282.615288372674,1100583.755140867,mint,50849.26774137774,True
6,0.9908169023768617,-91.83097623138292,1118816.0859618976,mint,17233.330821030562,True
7,0.9972551368677207,-27.44863132279285,1146905.6766621224,mint,27090.590700224657,True
8,0.9916942504416393,-83.05749558360719,1171941.2456984774,mint,24036.56903635508,True
9,0.9289346817337784,-710.6531826622164,1119491.069028743,burn,-53449.1766697342,False
10,0.9270393685795056,-729.6063142049436,1047852.3440933507,burn,-72637.72493539233,False
11,0.971671938355189,-283.28061644811055,1006028.3676456026,burn,-42822.97644774816,True
12,1.0303221560992992,303.22156099299224,1021169.1126693706,mint,14141.745023768033,True
13,1.0147705422593816,147.70542259381568,1026081.6559517372,mint,3913.5432823666374,True
14,0.996823333606696,-31.766663933040505,1013512.2788371587,burn,-13568.377114578543,True
15,1.005881230673766,58.812306737658915,1009051.4252858177,burn,-5459.85355134097,True
16,0.9914156127834984,-85.84387216501565,988699.5210787449,burn,-21350.904207072763,True
17,0.9940033253460968,-59.96674653903189,967134.3792538071,burn,-22564.14182493781,True
18,1.0046705272462677,46.70527246267709,953335.644752634,burn,-14797.73450117313,True
19,0.981984275403068,-180.15724596932014,915205.8724605328,burn,-39128.772292101174,True
20,1.0242510488426309,242.5104884263085,913101.6787785292,burn,-3103.1936820036904,True
21,0.9897685377457924,-102.31462254207568,879823.8645153879,burn,-34276.81426314128,True
22,0.9704952776784584,-295.04722321541556,824531.7997720968,burn,-56291.064743291165,True
23,1.0088683286313362,88.68328631336242,794222.8977143405,burn,-31307.902057756284,True
24,1.0453367640697049,453.36764069704884,794965.3487289599,burn,-256.54898538055096,True
25,1.0454795179240397,454.79517924039703,803272.9529554901,mint,7308.604226530231,True
26,1.0336540971569927,336.5409715699275,808856.4452657357,mint,4584.492310245633,True
27,1.0196555219892554,196.55521989255354,807303.9487869381,burn,-2551.4964787976414,True
28,1.0067387308259224,67.38730825922357,796598.6208142776,burn,-11704.327972660583,True
29,1.0390562411510724,390.56241151072425,816227.77795672,mint,18630.15714244244,True
30,1.0320964094358742,320.96409435874216,839222.1643671253,mint,21995.386410405237,True
31,1.0061299694008676,61.2996940086763,845538.0860977815,mint,5316.921730656256,True
32,0.8860732953151007,-1139.267046848993,761983.2774880034,burn,-84553.80860977816,False
33,0.9631753615200171,-368.24638479982855,709828.419073319,burn,-53153.858414684466,True
34,1.0242331799152018,242.33179915201796,695531.3598786396,burn,-15296.059194679316,True
35,1.0494059829553142,494.05982955314175,703361.2645937608,mint,6830.904715121278,True
36,1.056173034506533,561.73034506533,726054.3836647922,mint,21694.119071031368,False
37,1.0419826529023242,419.8265290232417,748914.2944436672,mint,21860.910778874997,True
38,1.017242919199926,172.42919199925933,759771.7426654717,mint,9858.44822180463,True
39,0.9884666026194885,-115.33397380511512,749702.028086925,burn,-11068.714578546645,True
40,0.951379933158734,-486.20066841265964,707805.7078709156,burn,-42895.320216009386,True
41,0.9990854981564958,-9.145018435041674,692161.5297195995,burn,-16643.178151316115,True
42,0.9840380418359296,-159.6195816407042,663457.738106462,burn,-29702.791613137477,True
43,1.025939002689738,259.39002689737924,660768.1965307688,burn,-3688.5415756933203,True
44,1.0092901174508475,92.90117450847512,648398.3956096101,burn,-13368.800921158596,True
45,1.0262837066742114,262.83706674211425,648244.8909397589,burn,-1152.5046698512547,True
46,1.0226842280118238,226.84228011823794,648664.6133009448,burn,-579.2776388140376,True
47,1.0442747904753078,442.747904753078,669512.1853664748,mint,19848.57206552996,True
48,1.0326302897067392,326.302897067392,690979.7285601846,mint,20468.543193709847,True
49,0.9875102462241911,-124.89753775808853,683958.1648633387,burn,-8020.563696845867,True
50,0.9969115107140234,-30.884892859766033,681637.789414119,burn,-3319.3754492197004,True
51,1.0142058907066367,142.0589070663669,692434.3023198748,mint,9797.512905755792,True
52,0.9653074567248475,-346.92543275152474,668956.9641426209,burn,-24476.338177253852,True
53,1.0073646584465767,73.64658446576743,669807.6736575117,burn,-148.2904851092063,True
54,0.9951872257732968,-48.12774226703232,662412.1538438227,burn,-8394.519813689016,True
55,0.961802681755765,-381.97318244235004,630013.9783113715,burn,-33397.17553245117,True
56,0.979345684704906,-206.54315295093983,602295.2924056023,burn,-28717.685905769224,True
57,0.9781311528008249,-218.68847199175144,569377.3293380619,burn,-33916.96306754048,True
58,0.9674883905472764,-325.11609452723576,526187.8936780171,burn,-44188.43566004479,True
59,0.9775899087264195,-224.10091273580514,483638.4698957258,burn,-43548.42378229132,True
60,1.0693988244519759,693.9882445197587,485479.93063800066,mint,842.4607422748902,False
61,1.0576457192485733,576.4571924857331,487512.41696691717,mint,1033.486328916499,False
62,1.0380120296496642,380.12029649664214,484020.0036422652,burn,-4491.413324651938,True
63,1.0230679622923782,230.67962292378175,475242.3284570894,burn,-9776.675185175865,True
64,1.0295954795916644,295.9547959166442,470988.8822778259,burn,-5252.4461792634775,True
65,1.0307832248348037,307.83224834803667,469501.8034398963,burn,-2486.078837929611,True
66,1.0093312293510546,93.31229351054571,459067.64194325276,burn,-11433.161496643579,True
67,1.0312393992401725,312.3939924017249,459721.29724507534,burn,-345.3446981773961,True
68,1.0263040223840887,263.0402238408869,460624.66501738323,burn,-95.63222769208662,True
69,1.0319737930965334,319.73793096533365,467258.79092626064,mint,5635.1259088774195,True
70,1.0564525872724269,564.5258727242685,493394.94554329367,mint,25137.154617033044,False
71,1.049990116924253,499.90116924252925,528180.0439848033,mint,33786.09844150964,True
72,1.0684962671427618,684.962671427618,581997.0483832835,mint,52818.00439848033,False
73,1.0420018640588364,420.01864058836435,641195.753221612,mint,58199.704838328355,True
74,1.0009794474369311,9.794474369311246,699785.2295066298,mint,57590.476285017794,True
75,0.9441695141972879,-558.3048580271211,723074.9687807928,mint,22290.739274163017,False
76,0.9622135248289657,-377.86475171034283,758679.5750966319,mint,34605.606315839126,True
77,0.9325882195203017,-674.1178047969831,769624.0288625583,mint,9945.453765926444,False
78,0.9766756078795255,-233.24392120474548,812973.8222310024,mint,42350.793368444116,True
79,0.9545421933011756,-454.5780669882438,840008.0771365046,mint,26035.25490550224,True
80,0.9601889926790931,-398.11007320906924,870407.0943900249,mint,29400.01725352029,True
81,0.9214999789640171,-785.0002103598285,862090.2215373914,burn,-9315.872852633522,False
82,0.9427765884639803,-572.2341153601973,860308.8354132249,burn,-2780.386124166517,False
83,0.8771686820951489,-1228.3131790485113,794185.8703236964,burn,-67121.96508952853,False
84,0.8980414485857322,-1019.585514142678,726138.7385759085,burn,-69046.13174778798,False
85,0.9646293830392533,-353.70616960746725,690767.4498351172,burn,-36370.288740791286,True
86,0.9734720639807259,-265.27936019274057,654714.7172451501,burn,-37051.73258996708,True
87,0.9863542194952191,-136.45780504780936,621641.8329040371,burn,-34071.88434111303,True
88,1.0138194103931009,138.1941039310086,602505.6986126697,burn,-20135.134291367347,True
89,1.0408345964728627,408.34596472862694,601354.3243495581,burn,-2150.37426311166,True
90,1.0621573706480936,621.5737064809357,621256.9241394198,mint,18903.59978986165,False
91,1.012939786385969,129.39786385969043,615593.8226064977,burn,-6662.101532922153,True
92,1.0393629939257287,393.6299392572873,630267.904600139,mint,13675.081993641319,True
93,1.0188967746130457,188.9677461304573,636925.7352157199,mint,5658.830615580901,True
94,1.0285502773891444,285.50277389144395,654795.5338799232,mint,16870.798664203227,True
95,1.0391694027044711,391.6940270447111,689555.7929180498,mint,33761.259038126664,True
96,0.9854715644610448,-145.2843553895522,691735.9392846025,mint,1181.1463665526487,True
97,0.9553328737294305,-446.6712627056946,669678.8247808855,burn,-23056.114503717075,True
98,0.9738690813587716,-261.3091864122841,653229.4219791683,burn,-17448.402801717144,True
99,0.977329127433131,-226.70872566868948,634315.9827199794,burn,-19912.439259188915,True
100,1.0153721578801749,153.72157880174876,637687.0654040854,mint,2372.0826841061166,True
101,1.0351984597125192,351.98459712519224,659285.5946651922,mint,20599.529261106767,True
102,1.066610056700339,666.1005670033893,720944.630876205,mint,60660.03621101285,False
103,1.0214736221813812,214.73622181381157,765376.5055994734,mint,43432.87472326827,True
104,0.9907860078156772,-92.1399218432284,793587.5111400787,mint,27212.005540605336,True
105,0.9844640122809959,-155.35987719004106,819875.8732940299,mint,25289.362153951224,True
106,1.0010495064068075,10.495064068074544,866228.9264226961,mint,45354.053128666186,True
107,0.9393925017006245,-606.074982993755,859747.4361073121,burn,-7480.4903153839705,False
108,0.9473404565205148,-526.595434794852,850400.282432459,burn,-10346.153674853147,False
109,0.9125207592081059,-874.7924079189406,802196.4402138285,burn,-49202.84221863049,False
110,0.8939179318716882,-1060.820681283118,726480.2012999145,burn,-76715.23891391393,False
111,0.9395695415326383,-604.3045846736172,668358.2168298644,burn,-59120.98447005011,False
112,0.9793318461670741,-206.68153832925861,627410.7026711397,burn,-41946.51415872471,True
113,1.0202193098515433,202.19309851543298,608387.189874861,burn,-20022.51279627875,True
114,1.0069464520448423,69.46452044842344,580869.8263731463,burn,-28516.363501714768,True
115,1.0119900803379718,119.90080337971776,554784.4835615405,burn,-27084.34281160573,True
116,0.9945724561804807,-54.27543819519265,517722.5420635214,burn,-38060.9414980191,True
117,0.9800058815856794,-199.94118414320639,470932.5994456137,burn,-47788.94261790769,True
118,0.9924130126653364,-75.86987334663564,427188.4641353518,burn,-44743.135310261845,True
119,1.0764247701658436,764.247701658436,419612.22635808354,burn,-8575.2377772683,False
120,1.100572829206842,1005.7282920684196,430517.1981235661,mint,9905.97176548258,False
121,1.067700393584618,677.003935846181,434592.79518304265,mint,3076.5970594765568,False
122,1.0069278408623772,69.27840862377188,414786.148882193,burn,-20805.646300849647,True
123,1.0411376499043172,411.3764990431723,409421.60498854704,burn,-6363.543893646004,True
124,1.0966958281420365,966.9582814203648,436997.09783510864,mint,26576.49284656161,False
125,1.061280684685239,612.8068468523895,459749.9361102266,mint,21753.838275117952,False
126,1.0618233875989167,618.233875989167,495330.42772096914,mint,34581.49161074254,False
127,1.043101690109115,431.0169010911502,534885.7841825648,mint,38556.35646159571,True
128,0.9732721240728684,-267.2787592713155,541495.3543677249,mint,5610.570185160037,True
129,0.9283390336000834,-716.609663999166,520367.82898615574,burn,-22126.525381569125,False
130,0.9510790559046934,-489.2094409530656,503111.2809355649,burn,-18255.548050590874,True
131,0.9559809208548982,-440.19079145101836,482506.98825801664,burn,-21603.29267754826,True
132,0.9676187536796095,-323.8124632039052,462243.7198559926,burn,-21262.268402024027,True
133,0.9925524537285081,-74.47546271491912,449721.96082136105,burn,-13520.759034631517,True
134,0.9814860036736452,-185.13996326354754,430005.73637970374,burn,-20715.22444165732,True
135,0.9950262394262611,-49.73760573738883,413312.68687014695,burn,-17692.04950955679,True
136,1.0287751219218386,287.7512192183862,410075.1231609737,burn,-4236.5637091732415,True
137,0.994969136621092,-50.308633789080126,393279.8889565275,burn,-17794.234204446195,True
138,1.0730648521511057,730.648521511057,411267.73234980606,mint,16988.843393278567,False
139,1.0858077659176286,858.0776591762861,449062.78912195354,mint,36796.05677214747,False
140,1.036481999082535,364.8199908253491,474968.06332684925,mint,24906.274204895686,True
141,1.0171126903019883,171.12690301988255,498662.50501340226,mint,22695.441686553007,True
142,0.9811453341595376,-188.5466584046236,507037.47202976927,mint,7375.967016367,True
143,0.9287110047857599,-712.8899521424015,486282.1035973814,burn,-21754.368432387902,False
144,0.9319852932310727,-680.147067689273,459653.8183274343,burn,-27627.285269947108,False
145,1.005714444919057,57.14444919056927,461752.11288580624,mint,1099.2945583719327,True
146,1.0111735321797666,111.73532179766576,467695.25818675203,mint,4944.145300945785,True
147,0.959564243157364,-404.35756842636005,448890.84146562027,burn,-19803.41672113176,True
148,0.9920168664058238,-79.83133594176239,440654.56545198,burn,-9235.276013640269,True
149,1.0419518701923591,419.5187019235913,457053.778829153,mint,15400.213377173015,True
150,1.001873595710938,18.735957109379253,458196.7785821216,mint,143.99975296863255,True
151,0.9653585640699561,-346.4143593004387,441339.2470943497,burn,-17856.531487771867,True
152,0.9792712317989568,-207.2876820104319,426666.2543510966,burn,-15671.992743253128,True
153,1.0431384606719911,431.3846067199112,440507.3213542868,mint,12842.067003190232,True
154,0.9894441216396704,-105.55878360329562,432692.6166975031,burn,-8813.704656783724,True
155,0.9960169605608772,-39.830394391228154,426222.9120216474,burn,-7468.704675855702,True
156,1.0413819458011149,413.8194580111487,441856.2715386564,mint,14634.359517008992,True
157,1.0513632640509867,513.6326405098667,471166.47413078195,mint,28311.202592125588,False
158,1.0175627652239116,175.62765223911646,491763.7202556598,mint,19598.24612487782,True
159,1.0473161317895587,473.16131789558733,540262.3571987189,mint,47499.63694305917,True
160,0.9936236281881886,-63.76371811811388,568332.1176518791,mint,27070.76045316012,True
161,0.9715360751385739,-284.63924861426125,586232.7350046335,mint,16901.617352754445,True
162,0.9069873762807741,-930.1262371922592,563216.7095339529,burn,-24015.025470680663,False
163,0.964935247849145,-350.64752150855026,563307.0548427308,burn,-908.6546912221733,True
164,0.9849191295369542,-150.80870463045846,572587.3460003091,mint,8281.291157578336,True
165,0.9801449845268871,-198.55015473112857,578575.3056312435,mint,4988.959630934386,True
166,0.9639442322519578,-360.557677480422,572798.9835531542,burn,-6775.322078089333,True
167,0.9768713341059648,-231.2866589403517,570651.285206465,burn,-3146.6983466891115,True
168,0.9637658705298064,-362.34129470193557,557623.0710555434,burn,-14027.214150921678,True
169,0.9678762882671784,-321.2371173282158,541982.9893648745,burn,-16639.08169066878,True
170,0.9933389882698148,-66.61011730185184,536521.7008331172,burn,-6460.288531757299,True
171,1.0135663226956848,135.66322695684806,542193.3573733441,mint,4672.6565402269425,True
172,1.021227978065796,212.27978065796015,555402.5936355691,mint,12210.23626222498,True
173,0.9892735234886785,-107.26476511321525,552367.7463680193,burn,-4033.8472675498115,True
174,0.9422366183778681,-577.6338162213191,520645.79454945005,burn,-32720.95181856921,False
175,0.939164393968103,-608.3560603189698,480606.4603830799,burn,-41038.334166370136,False
176,1.021686307907941,216.86307907941017,474906.6273485255,burn,-6698.833034554371,True
177,1.013891702948581,138.91702948580996,466198.55913048313,burn,-9707.068218042376,True
178,1.0219819724983792,219.81972498379187,461905.090799381,burn,-5292.468331102131,True
179,1.047914593480123,479.14593480123057,473585.6439172008,mint,10681.553117819745,True
180,1.0257001401018961,257.0014010189614,479120.27037689614,mint,4535.626459695334,True
181,1.038977178814795,389.77178814795013,496210.4431845286,mint,16091.172807632507,True
182,1.0119519706129065,119.51970612906537,504044.6785371942,mint,6835.23535266562,True
183,0.9873132728134446,-126.8672718655539,499945.22386127495,burn,-5098.454675919251,True
184,1.038060316748066,380.6031674806598,525166.1452567492,mint,24221.921395474274,True
185,1.0360550247876823,360.550247876823,559565.9160371175,mint,33400.77078036824,True
186,1.0301084948469046,301.08494846904586,603097.5152698236,mint,42532.599232706096,True
187,0.9611026177612939,-388.9738223870609,608835.4800901766,mint,4738.964820352984,True
188,0.9410357967648062,-589.642032351938,597733.105957075,burn,-12101.374133101506,False
189,0.9538535219891665,-461.46478010833493,587222.0267492484,burn,-11510.079207826659,True
190,0.9574421985777237,-425.57801422276276,572894.8583474304,burn,-15326.168401817999,True
191,0.9930209048302502,-69.79095169749816,574981.1982778178,mint,1087.3399303874567,True
192,1.0073082700154994,73.08270015499386,586350.5726426886,mint,10370.374364870786,True
193,1.0297364855178501,297.36485517850133,617667.2613431816,mint,30317.68870049301,True
194,0.9913645666849735,-86.35433315026475,629977.4352143256,mint,11311.173871143947,True
195,0.9877951920353225,-122.04807964677488,640728.3690329439,mint,9751.933818618261,True
196,1.0087080743153791,87.08074315379122,668401.5641614964,mint,26674.195128552474,True
197,0.9755724457938352,-244.27554206164825,676088.2515436988,mint,6687.687382202467,True
198,0.9544368785613635,-455.631214386365,665994.8974446546,burn,-11092.354099044207,True
199,0.9988644558851647,-11.355441148352963,682720.3689396224,mint,15726.471494967873,True
200,0.9303697965574378,-696.3020344256221,651097.1751735441,burn,-32622.193766078384,False
201,0.9976002562276419,-23.99743772358076,655805.7226920398,mint,3709.5475184956963,True
202,0.9864266438058141,-135.7335619418587,652546.5152134913,burn,-4258.207478548484,True
203,0.9897530038418104,-102.4699615818958,649609.1633892905,burn,-3936.3518242008095,True
204,1.0240263798085056,240.26379808505638,671695.8384489331,mint,21087.675059642657,True
205,1.0245993806347917,245.99380634791723,702404.0290872096,mint,29709.19063827651,True
206,0.962533545226042,-374.6645477395805,691326.4749875607,burn,-12076.554099648964,True
207,0.9498409056451728,-501.5909435482724,665143.3737421951,burn,-27182.101245365546,False
208,0.9736465393414139,-263.53460658586124,647263.2964236297,burn,-18879.077318565338,True
209,1.0137613919956474,137.6139199564741,653412.9546081709,mint,5150.658184541109,True
210,1.0200146948764828,200.14694876482775,667386.0403559757,mint,12974.085747804787,True
211,1.0095800637442494,95.80063744249357,678157.9200290161,mint,9772.879673040323,True
212,0.9898393576913241,-101.6064230867586,676387.2161434784,burn,-2769.7038855377386,True
213,1.0363317248791266,363.31724879126614,711992.5449184859,mint,34606.32877500747,True
214,1.0058740364245846,58.740364245846166,733331.2219412205,mint,20339.6770227345,True
215,1.014782929438837,147.82929438837078,768255.0026546604,mint,33924.78071343994,True
216,0.987335988485415,-126.6401151458496,786801.8456168158,mint,17547.842962155435,True
217,0.9403333486985347,-596.6665130146531,765546.7558210078,burn,-22254.08979580813,False
218,0.9027601062751969,-972.3989372480313,706632.3545622376,burn,-59913.40125877018,False
219,0.9563111981017877,-436.88801898212336,670892.5312239587,burn,-36738.82333827897,True
220,1.0036821072845494,36.8210728454943,660835.8492001933,burn,-11055.682023765361,True
221,1.0469100219758332,469.1002197583316,684500.7168560153,mint,22665.867655822003,True
222,1.0241158329234685,241.15832923468528,700038.1174695066,mint,14538.400613491269,True
223,1.004061427641607,40.61427641607107,704894.1188852057,mint,3857.0014156991715,True
224,1.007946760443986,79.46760443986011,714362.1745693382,mint,8469.055684132527,True
225,0.9712760002149926,-287.2399978500739,696897.1024447269,burn,-18464.072124611324,True
226,0.9924903683953096,-75.09631604690425,689971.319931891,burn,-7924.782512835841,True
227,1.0050832555443012,50.83255544301224,691032.8650472277,mint,62.5451153366342,True
228,1.0011037317227522,11.037317227522436,689754.3895154243,burn,-2277.4755318034377,True
229,1.0004537895175152,4.537895175151796,687917.1131479875,burn,-2836.2763674367743,True
230,1.038451209958165,384.5120995816509,718155.8201392463,mint,29239.706991258805,True
231,1.0221480562961966,221.48056296196648,745841.2594404485,mint,26686.439301202183,True
232,0.9941957020446349,-58.04297955365079,756918.3557261758,mint,10078.096285727333,True
233,0.943550245361492,-564.4975463850799,727080.0815842804,burn,-30837.27414189548,False
234,0.9277342713900885,-722.6572860991154,676672.9033601466,burn,-51406.17822413382,False
235,0.9809022162117499,-190.97783788250112,651518.7517964779,burn,-26153.151563668624,True
236,0.9773265998479984,-226.73400152001588,619448.1293230397,burn,-33069.622473438234,True
237,0.9946687845014983,-53.312154985016846,593550.6402151821,burn,-26896.48910785759,True
238,1.0185859198699336,185.8591986993363,580049.0385907136,burn,-14500.601624468492,True
239,1.0662822965525425,662.8229655254247,600731.1315439482,mint,19683.09295323455,False
240,1.0677346405313881,677.3464053138812,636420.1142936969,mint,34689.98274974877,False
241,1.038041837085846,380.41837085845964,664912.7501013877,mint,27493.63580769081,True
242,1.0478732674592173,478.7326745921727,715178.8041228786,mint,49267.05402149088,True
243,1.0289788367595625,289.7883675956248,768208.3245053481,mint,52030.5203824695,True
244,0.9466378238732454,-533.6217612675465,761352.5798935528,burn,-7854.744611795337,False
245,0.9905400524837373,-94.59947516262667,784287.8867827293,mint,21936.306889176456,True
246,0.9821584336359311,-178.41566364068862,802214.1684756206,mint,16927.281692891273,True
247,0.9120214110858903,-879.785889141097,760445.5064638531,burn,-42767.66201176752,False
248,0.9688024557653924,-311.9754423460763,748502.2758888211,burn,-12942.230575031963,True
249,0.9873287045620338,-126.71295437966191,746120.4359431403,burn,-3380.8399456808547,True
250,0.9894651777621984,-105.34822237801555,743413.9390608314,burn,-3705.496882308821,True
251,1.0120781829167618,120.7818291676177,758576.5798838069,mint,14163.640822975383,True
252,1.0012463292119256,12.463292119255787,768434.1414417496,mint,8858.56155794276,True
253,1.0051236953137188,51.236953137188124,783766.0385212996,mint,14332.897079550019,True
254,0.9920890933830198,-79.1090661698024,790491.5149799702,mint,5726.476458670562,True
255,0.9866861247871673,-133.1387521283267,792158.6830899903,mint,668.1681100201142,True
256,0.9567146332726261,-432.8536672737393,766289.5489365006,burn,-26868.13415348969,True
257,0.9884841773412937,-115.15822658706321,758039.2620627215,burn,-9249.28687377899,True
258,1.0436108279200718,436.1082792007176,798412.0775000796,mint,39373.815437358084,True
259,1.006955492256515,69.55492256514928,817839.8455783804,mint,18428.768078300753,True
260,0.9733395755979479,-266.60424402052075,809962.590518432,burn,-8876.255059948404,True
261,0.9649715946804952,-350.284053195048,789804.0226405425,burn,-21157.567877889505,True
262,0.939103173406357,-608.9682659364304,742055.4485035734,burn,-48747.57413696907,False
263,0.9674617581074749,-325.38241892525076,704805.4292872358,burn,-38249.01921633755,True
264,0.9915323733567846,-84.6762664321543,678259.6012958273,burn,-27544.827991408554,True
265,1.0116661206062914,116.66120606291352,662862.4937789418,burn,-16396.107516885466,True
266,1.0434566755864423,434.5667558644228,671718.9647289914,mint,7857.470950049524,True
267,1.0170517823754484,170.51782375448354,666768.5202501018,burn,-5949.444478889603,True
268,1.0045512118505446,45.51211850544634,653852.3254413713,burn,-13915.194808730486,True
269,0.9792493897517229,-207.50610248277067,622316.4418278589,burn,-32534.883613512342,True
270,0.9868531316802304,-131.46868319769632,590924.2692844733,burn,-32391.17254338565,True
271,0.9471780281278201,-528.2197187217985,533348.8450007066,burn,-58574.4242837666,False
272,1.0223340858295489,223.34085829548877,509831.1262647824,burn,-24516.718735924253,True
273,1.014328360473685,143.2836047368502,481965.10822675173,burn,-28865.018038030634,True
274,1.0124587315394755,124.58731539475521,452348.32392962486,burn,-30615.78429712689,True
275,1.044077113683425,440.7711368342504,436998.28199062584,burn,-16349.041938999026,True
276,1.0346542506536933,346.5425065369332,419064.5815851649,burn,-18932.700405460942,True
277,1.026668852947422,266.6885294742194,398485.3964624854,burn,-21578.185122679453,True
278,1.0185445492904974,185.44549290497426,374735.71110685915,burn,-24748.685355626254,True
279,1.028099664238446,280.996642384459,354348.2823433781,burn,-21386.428763481043,True
280,1.0586658007255147,586.6580072551475,346102.39841946255,burn,-9244.883923915579,False
281,1.088042159651661,880.4215965166096,353459.4553481883,mint,6358.056928725714,False
282,1.0471036940149474,471.03694014947405,350653.69326091633,burn,-3804.7620872719413,True
283,1.0469351296318592,469.35129631859195,350652.02104254573,burn,-1000.6722183705731,True
284,1.0313665246183121,313.6652461831213,347445.43588900834,burn,-4205.585153537419,True
285,1.071357915195933,713.5791519593294,363675.771351957,mint,15231.335462948686,False
286,1.0748034714891945,748.0347148919453,391964.2282609672,mint,27289.45690901018,False
287,0.9986548765477862,-13.451234522138256,394777.7562287882,mint,1814.5279678209697,True
288,0.9960605723139,-39.39427686100005,396740.2157278504,mint,963.4594990621847,True
289,0.9972858809804942,-27.14119019505801,399272.2143939992,mint,1532.9986661488228,True
290,0.9823708592174698,-176.29140782530195,395211.4927847554,burn,-5059.721609243776,True
291,0.9717152455480808,-282.84754451919247,384781.04011379316,burn,-11429.452670962255,True
292,0.9636940139388362,-363.05986061163753,368135.2839995505,burn,-17644.756114242668,True
293,0.9722349879659568,-277.65012034043247,351047.6386745624,burn,-18086.64532498813,True
294,0.916680763847871,-833.19236152129,316941.87480710616,burn,-35104.76386745624,False
295,0.9941724395192658,-58.27560480734184,297672.6080806279,burn,-20268.266726478243,True
296,1.0350436543362953,350.43654336295305,289789.9561284541,burn,-8881.6519521738,True
297,1.0428405276065933,428.4052760659329,285505.2115927759,burn,-5283.744535678213,True
298,1.0268034892130893,268.03489213089284,277795.1694451009,burn,-8709.042147674989,True
299,1.023268808320499,232.68808320499045,269523.495058828,burn,-9270.674386272924,True
300,1.0851437250755116,851.437250755116,282269.5602989447,mint,11747.065240116712,False
301,1.0913497059404902,913.4970594049018,306835.2756327124,mint,23566.715333767705,False
302,1.0295226040517764,295.22604051776426,318053.8521022198,mint,10219.576469507403,True
303,0.9834642023805421,-165.35797619457892,315808.52422632516,burn,-3244.327875894665,True
304,0.9758721803487229,-241.27819651277082,309662.77717318543,burn,-7144.747053139724,True
305,0.9788253313071306,-211.74668692869437,302444.55038666166,burn,-8217.226786523777,True
306,0.9598802768582727,-401.1972314172729,287370.23629813956,burn,-16073.3140885221,True
307,0.9941827341125922,-58.172658874078294,279448.2246930039,burn,-8921.011605135647,True
308,1.0039724948854374,39.724948854373835,273368.8696248919,burn,-7078.355068112015,True
309,1.0031601334028757,31.601334028756867,266544.65201701876,burn,-7823.217607873171,True
310,0.998535500057565,-14.644999424350269,257788.8814721006,burn,-9754.770544918161,True
311,1.0342616312253627,342.6163122536274,258482.4027571281,burn,-305.47871497250816,True
312,1.0107740331189434,107.74033118943427,253971.10967563797,burn,-5510.293081490119,True
313,1.0753159782339337,753.1597823393365,270340.66941227496,mint,15370.559736636962,False
314,1.0428056239037151,428.05623903715116,283314.9733526781,mint,11975.303940403131,True
315,1.0189065217054805,189.0652170548046,292971.0223441028,mint,8657.048991424686,True
316,1.0132962651723432,132.9626517234317,303662.9681770595,mint,9692.945832956684,True
317,1.0316866972137981,316.8669721379813,325071.773818735,mint,20409.805641675473,True
318,0.9816233516935974,-183.7664830640262,332944.9661404186,mint,6874.192321683604,True
319,0.9862979750793014,-137.02024920698608,342912.41188430233,mint,8968.445743883743,True
320,0.9867913930490622,-132.0860695093784,354043.4432523505,mint,10132.031368048141,True
321,0.9975593459478093,-24.40654052190738,371225.58033830975,mint,16183.137085959228,True
322,0.968397559279676,-316.02440720324034,378621.4601281541,mint,6396.879789844358,True
323,0.984746926294444,-152.53073705555954,392402.47175896366,mint,12782.011630809591,True
324,0.9514193423864663,-485.80657613533697,392414.2269004038,burn,-987.2448585598496,True
325,0.8916432434630172,-1083.5675653698283,365534.2618497707,burn,-27878.965050633145,False
326,0.8850921255899318,-1149.0787441006821,329979.8356647936,burn,-36553.42618497707,False
327,0.9404223656387267,-595.7763436127328,304546.07347204105,burn,-26432.762192752532,False
328,1.006193160647111,61.931606471110626,295320.0171698089,burn,-10225.056302232168,True
329,1.0229594843314334,229.59484331433356,290954.60934565944,burn,-5364.40782414949,True
330,1.0325539484884563,325.53948488456274,290550.824334023,burn,-1402.785011636469,True
331,1.0448776799567578,448.77679956757845,296381.79006558255,mint,4831.965731559573,True
332,1.0441182939376257,441.18293937625674,305845.6574271964,mint,8464.867361613822,True
333,1.0545517421056967,545.5174210569669,324693.07201459573,mint,17848.41458739937,False
334,1.0089934075034594,89.9340750345945,332527.206104773,mint,6835.134090177229,True
335,1.0069269528275733,69.26952827573274,341588.1240426868,mint,8061.917937913806,True
336,1.029008953149603,290.08953149602945,362851.64469832793,mint,20264.52065564114,True
337,1.0073494165640107,73.49416564010669,381148.3275659696,mint,17297.682867641663,True
338,1.0132031562790467,132.0315627904667,407351.619316608,mint,25204.29175063839,True
339,0.9693577420718834,-306.4225792811659,418309.696653503,mint,9959.077336895,True
340,0.982631068999432,-173.68931000568023,435519.70349282224,mint,16211.006839319229,True
341,0.9881825359236555,-118.17464076344541,457856.95235916844,mint,21338.248866346225,True
342,0.92171778728743,-782.8221271256997,448913.50648991694,burn,-9942.445869251522,False
343,0.9439815901844293,-560.1840981557071,443320.90942871245,burn,-6591.597061204511,False
344,0.9585400954268609,-414.59904573139085,439533.596634616,burn,-4786.31279409644,True
345,0.9869136697800449,-130.8633021995509,445955.78575950296,mint,5423.189124886936,True
346,0.985641780403424,-143.58219596576015,451654.55330781866,mint,4699.767548315678,True
347,1.0405816984463758,405.8169844637582,489771.02252608683,mint,37117.4692182682,True
348,1.0407922479794247,407.9224797942471,539747.1247786955,mint,48977.10225260869,True
349,1.0009554707253974,9.554707253973671,584172.2341117347,mint,43426.10933303917,True
350,0.9692924556609588,-307.07544339041215,616009.2283366801,mint,30837.99422494541,True
351,0.9169036523291695,-830.9634767083052,613609.2231541341,burn,-3399.005182545948,False
352,0.9295657499268566,-704.3425007314341,610101.364284419,burn,-4506.8588697151845,False
353,0.9400800481687951,-599.1995183120491,605316.0323674463,burn,-5784.331916972672,False
354,1.007959017259986,79.59017259985934,642062.1348643866,mint,35747.10249694027,True
355,0.991727844356875,-82.72155643125001,675144.9930192174,mint,32083.858154830716,True
356,0.9162103821083966,-837.8961789160344,656181.8141248673,burn,-19962.17889435009,False
357,0.9196667051185425,-803.3329488145746,628375.8655422464,burn,-28804.948582620993,False
358,0.9728677061813542,-271.3229381864579,624451.4916610819,burn,-4923.373881164497,True
359,0.9714040403577759,-285.95959642224057,615865.3201432768,burn,-9585.171517805122,True
360,1.0015458956478185,15.458956478184849,623989.8664827216,mint,7125.546339444854,True
361,0.994158296086544,-58.41703913455953,628250.2532778105,mint,3261.386795088915,True
362,0.9863946313421762,-136.05368657823803,626873.5811263359,burn,-2375.672151474652,True
363,0.9965598188581951,-34.40181141804888,630996.0457913359,mint,3123.4646650000323,True
364,0.9745175462448726,-254.82453755127366,619708.4878804459,burn,-12286.557910889942,True
365,1.0081036971390551,81.03697139055122,627734.2632073022,mint,7026.775326856297,True
366,1.0124708633768924,124.70863376892405,641502.9140596193,mint,12769.650852317143,True
367,1.0014074304653648,14.07430465364845,650828.3556056336,mint,8326.441546014303,True
368,0.9971898776126307,-28.101223873693293,658679.9990453849,mint,6852.643439751357,True
369,1.0192111805928321,192.1118059283211,685488.3100474323,mint,25809.311002047387,True
370,0.9757806964612183,-242.19303538781656,684653.921988566,burn,-1833.3880588662773,True
371,0.9332715067901145,-667.2849320988549,650181.3527145415,burn,-35471.569274024536,False
372,0.949896990197524,-501.0300980247595,616748.14864746,burn,-34432.20406708141,False
373,0.9156523754226383,-843.4762457736167,556237.3987816047,burn,-61509.74986585537,False
374,0.97766066958681,-223.3933041319003,520234.7136497552,burn,-37001.68513184946,True
375,1.0417650607919071,417.65060791907115,515783.52543924144,burn,-5450.18821051382,True
376,1.0981213772896539,981.2137728965387,554528.1640522204,mint,37745.63861297896,False
377,1.107022720556027,1070.2272055602702,610979.9804574425,mint,55452.816405222045,False
378,1.032018565074481,320.18565074481086,649802.1135670111,mint,37823.13310956863,True
379,1.0055600425186058,55.600425186057564,679945.047057057,mint,29143.933490045933,True
380,0.961968717865116,-380.3128213488405,681645.1394600878,mint,701.0924030307159,True
381,0.9867137137614479,-132.86286238552103,698227.5420954325,mint,15583.402635344823,True
382,1.005675549887557,56.75549887556919,732685.3814532667,mint,33458.83935783416,True
383,0.9224563227353384,-775.4367726466161,706002.8757512248,burn,-27681.505702041854,False
384,1.0076614534705792,76.61453470579227,734310.8370371624,mint,27308.961285937537,True
385,0.9919293931312085,-80.70606868791464,755323.2902490364,mint,20013.453211874,True
386,0.9827182719409898,-172.81728059010183,770741.2355867584,mint,14418.945337721978,True
387,0.9983447564566404,-16.552435433595527,801063.9602756315,mint,29323.724688873197,True
388,0.9803759366913848,-196.24063308615214,819725.2688899449,mint,17662.308614313402,True
389,0.9725319498921438,-274.68050107856243,831043.0387739354,mint,10318.769883990568,True
390,0.9213796624684758,-786.2033753152419,794651.4273445042,burn,-37390.61142943123,False
391,0.9227589566097453,-772.4104339025473,746259.9324109029,burn,-49390.49493360122,False
392,0.9759506358310118,-240.49364168988174,725336.9120994433,burn,-21922.02031145964,True
393,1.0035477334977845,35.47733497784478,720961.8639388727,burn,-5374.048160570588,True
394,1.03964437853776,396.44378537760036,748291.8377618536,mint,26330.973822980883,True
395,1.0411268778463125,411.2687784631253,789785.7953747236,mint,40494.95761287002,True
396,1.0350827511554674,350.8275115546744,842482.2413567279,mint,51697.44598200429,True
397,0.9884737548443734,-115.26245155626613,863722.3877018275,mint,20241.14634509958,True
398,0.9651607167127151,-348.39283287284917,863510.4393655112,burn,-1210.9483363162508,True
399,0.9932636981826013,-67.36301817398704,885767.1772886874,mint,21257.737923176264,True
400,0.9721673890408072,-278.3261095919276,889027.6380310915,mint,2261.460742404112,True
401,0.9845930818657194,-154.06918134280633,900794.2573979206,mint,10767.619366829074,True
402,0.983789274348605,-162.1072565139503,910997.7142698094,mint,9204.456871888817,True
403,0.9534558305560559,-465.4416944394413,889489.7379699587,burn,-22506.97629985075,True
404,0.9665390400195111,-334.6095998048892,870597.9346196877,burn,-19890.803350270984,True
405,0.9416256018705763,-583.7439812942368,822349.4968611456,burn,-49247.437758542095,False
406,0.9502651570020474,-497.3484299795261,770014.9026425818,burn,-53333.5942185638,True
407,1.026704674021162,267.04674021162054,770547.5220801106,burn,-466.3805624712159,True
408,0.9957345018017526,-42.65498198247397,748128.7622056394,burn,-23417.759874471245,True
409,1.0041987310064604,41.98731006460399,729574.374934058,burn,-19553.387271581287,True
410,1.0400869952916316,400.8699529163162,739822.0345355996,mint,9248.659601541613,True
411,1.0433987277118264,433.987277118264,761248.620481175,mint,20427.585945575403,True
412,1.0060880710584412,60.88071058441224,759049.5893577567,burn,-3198.031123418327,True
413,1.0068991962404785,68.99196240478523,758125.5190346707,burn,-1923.070323086026,True
414,0.9919413710753398,-80.58628924660249,745242.5166394657,burn,-13882.002395205018,True
415,1.008954899853879,89.54899853879095,743920.3960580991,burn,-2321.120581366589,True
416,1.031786665107953,317.86665107953024,764322.329662268,mint,19402.933604168946,True
417,0.9918866346126711,-81.13365387328875,757156.6259369702,burn,-8164.7037252977625,True
418,1.0604726619377105,604.7266193771051,814449.6532229425,mint,56294.02728597227,False
419,1.0149675671730505,149.67567173050477,847512.3959187182,mint,32063.742695775643,True
420,0.9839720921704427,-160.27907829557319,857903.4177262625,mint,9392.02180754434,True
421,1.0144126849306503,144.1268493065029,899699.060668973,mint,40796.6429427106,True
422,0.9847952670151986,-152.04732984801404,920111.5677108003,mint,19413.50704182731,True
423,1.0043933708884083,43.93370888408299,964016.9793137532,mint,42906.41160295291,True
424,0.9948576590097639,-51.423409902361385,1006893.5733306726,mint,41877.594016919335,True
425,0.977808427065826,-221.91572934173954,1036631.0704167641,mint,28738.497086091575,True
426,0.9644535648465631,-355.46435153436914,1051137.9492962642,mint,13507.87887950019,True
427,0.9304546011777415,-695.4539882225852,1022322.5062399788,burn,-29814.443056285345,False
428,0.9560590763075866,-439.40923692413423,1005513.1667746338,burn,-17808.339465344994,True
429,0.9597348295258668,-402.6517047413325,982725.8880748937,burn,-23786.278699740054,True
430,0.9834477226600518,-165.5227733994824,975516.874578879,burn,-8208.013496014752,True
431,0.9595014936342461,-404.9850636575392,939365.5897150114,burn,-37150.284863867506,True
432,0.9510523285837448,-489.47671416255224,885481.6104312706,burn,-54882.97928374084,True
433,0.93023799034808,-697.6200965192003,803902.2444535592,burn,-82578.36597771141,False
434,0.9569814857863952,-430.18514213604806,732110.244919905,burn,-72790.99953365425,True
435,0.8737093762434361,-1262.9062375656385,659898.2204279145,burn,-73211.0244919905,False
436,0.9718522667464993,-281.4773325350073,594907.3983851231,burn,-65989.82204279145,True
437,0.9659919343592616,-340.08065640738437,536415.6585466109,burn,-59490.739838512316,True
438,1.0372393080340907,372.39308034090703,484271.52730809175,burn,-53143.13123851907,True
439,1.1006979714769773,1006.9797147697734,466571.8010071319,burn,-18698.726300959897,False
440,1.1200176988960016,1200.1769889600155,467406.05970840366,burn,-164.7412987282427,False
441,1.1232783671701398,1232.7836717013984,483064.07052951166,mint,14659.010821108006,False
442,1.115452724544783,1154.5272454478295,511272.02926298755,mint,27208.95873347591,False
443,1.0882450759984066,882.4507599840658,540854.1366435261,mint,28583.10738053858,False
444,1.0634263851658412,634.263851658412,570165.5572319248,mint,28312.42058839867,False
445,1.0375329428092908,375.3294280929076,594665.9095933335,mint,23501.352361408663,True
446,0.985742643083869,-142.57356916130948,591415.7698358451,burn,-4249.139757488421,True
447,1.0157279084342898,157.2790843428984,607033.7489206634,mint,14618.979084818304,True
448,1.0009291652490138,9.291652490137636,616607.2699836143,mint,8574.521062950942,True
449,1.0102716517729797,102.71651772979729,635048.4084679501,mint,17442.138484335785,True
450,1.0179475767610642,179.47576761064175,664859.5418969583,mint,28812.133429008136,True
451,0.9813306447804555,-186.6935521954449,673534.655953578,mint,7676.114056619681,True
452,0.9652381740625661,-347.61825937433935,668950.8577527159,burn,-5582.798200862037,True
453,0.9629454872141785,-370.54512785821504,657838.9342082987,burn,-12110.923544417205,True
454,1.0051492944215856,51.49294421585626,672508.6231882339,mint,13670.68897993527,True
455,0.9704230642981819,-295.76935701818076,663548.4488014677,burn,-9959.174386766274,True
456,1.014839816238235,148.39816238235048,684106.1822113579,mint,19558.733409890192,True
457,1.0039004343795894,39.004343795894236,701556.5382874004,mint,16451.356076042484,True
458,0.9982218085331696,-17.781914668304477,718006.8127986346,mint,15451.27451123422,True
459,1.0089786301591677,89.78630159167666,746969.5304220932,mint,27963.71762345858,True
460,0.9913681860272097,-86.31813972790337,767025.2531390231,mint,19056.722716929853,True
461,1.0051224070125826,51.224070125825975,802890.5944980644,mint,34866.34135904129,True
462,0.969659349561468,-303.4065043853196,812593.4879184902,mint,8703.89342042579,True
463,1.0003715179072452,3.7151790724521128,849404.4303339097,mint,35811.942415419464,True
464,0.9678332097538888,-321.6679024611124,860536.560006171,mint,10133.12967226126,True
465,0.9991751849639059,-8.248150360941064,900934.8550376915,mint,39399.295031520574,True
466,0.966663405936807,-333.36594063193,914197.4012211594,mint,12263.546183467786,True
467,0.9549960652631387,-450.0393473686126,911856.6134450159,burn,-3339.7877761434847,True
468,0.9323374066655578,-676.6259333444225,880077.9679649329,burn,-32777.64548008293,False
469,0.9326996261295999,-673.0037387040011,835714.8711287803,burn,-45362.09683615257,False
470,0.9608552512745133,-391.44748725486676,802310.3681576975,burn,-34403.50297108278,True
471,0.9893705760699474,-106.29423930052617,784500.758052858,burn,-18808.610104839605,True
472,1.0259267599673012,259.26759967301206,795966.0079419855,mint,10466.249889127566,True
473,1.0112680535964362,112.68053596436233,799575.3451892842,mint,2610.337247298699,True
474,0.9775955765417683,-224.04423458231682,775391.0360597088,burn,-25183.30912957539,True
475,1.0040065734283201,40.06573428320115,767881.7084150092,burn,-8508.327644699562,True
476,1.0126851016191656,126.85101619165584,767575.8673557565,burn,-1304.841059252685,True
477,1.024344308443052,243.4430844305191,779851.681115454,mint,11276.813759697521,True
478,0.9978920591623309,-21.079408376690758,773746.3007743402,burn,-7104.380341113829,True
479,0.9875781007089339,-124.21899291066075,757636.5884088058,burn,-17108.712365534426,True
480,0.9812151943038085,-187.84805696191452,732763.9336821728,burn,-25871.65472663301,True
481,1.0288271488579206,288.27148857920594,742211.2590728157,mint,8448.325390642842,True
482,1.0540856157261147,540.856157261147,782469.2718786967,mint,39259.01280588115,False
483,1.0095668773951578,95.66877395157825,796259.8124693678,mint,12791.540590671002,True
484,0.9859208597774654,-140.79140222534647,791971.7913506262,burn,-5287.021118741596,True
485,1.0056903067601135,56.903067601135064,803098.1550877766,mint,10127.363737150492,True
486,1.0353340262036503,353.34026203650336,847729.556089017,mint,43632.40100124038,True
487,1.0463986736869864,463.9867368698636,924649.1662536949,mint,75920.61016467797,True
488,0.9858629507910288,-141.37049208971186,957095.30360457,mint,31447.13735087512,True
489,0.9606142562632247,-393.8574373677528,964690.7497353873,mint,6596.4461308173195,True
490,0.9672057458365256,-327.9425416347437,973525.8713053971,mint,7836.121570009903,True
491,0.9739358526506443,-260.64147349355693,985212.970763442,mint,10688.099458044851,True
492,0.9657097631056801,-342.9023689431987,984714.5656097247,burn,-1497.4051537173127,True
493,0.9470914985306738,-529.0850146932625,958258.4727500428,burn,-27455.09285968197,False
494,0.9630012489429168,-369.98751057083166,936116.1105913696,burn,-23141.362158673284,True
495,1.0210316306205753,210.31630620575336,967758.6899559175,mint,30643.579364547964,True
496,0.9899707098789025,-100.29290121097544,973397.3168680255,mint,4639.626912107902,True
497,0.9937235351836445,-62.76464816355465,982299.8669944053,mint,7903.5501263798715,True
498,1.047483219843346,474.83219843345915,1061059.5878243283,mint,77760.72082992297,True
499,0.9933533437135501,-66.46656286449893,1095302.6157598756,mint,33244.02793554722,True
500,0.9953888460553779,-46.11153944622082,1137730.3934326824,mint,41428.7776728068,True
501,1.0199115765728257,199.11576572825717,1225870.9622450678,mint,87141.56881238545,True
502,0.9964575372219143,-35.42462778085675,1304054.0543314626,mint,77184.09208639488,True
503,0.993028214788878,-69.71785211121961,1394986.2020410607,mint,89933.14770959804,True
504,0.9807613647766898,-192.38635223310152,1484393.7039046485,mint,88408.50186358794,True
505,0.9649707440588418,-350.29255941158243,1559426.843919604,mint,74034.14001495542,True
506,0.9766153901154868,-233.84609884513185,1663427.8382913938,mint,103001.99437178973,True
507,0.9632836376531211,-367.1636234687892,1756244.189616402,mint,91817.35132500816,True
508,0.9363124620292004,-636.8753797079962,1799730.598440534,mint,42487.408824132,False
509,0.9333427557664021,-666.5724423359786,1823196.5456764605,mint,22466.947235926407,False
510,0.941597648207857,-584.0235179214303,1844654.7986139636,mint,20459.252937503097,False
511,0.930215117199975,-697.8488280002504,1826829.794933381,burn,-18824.003680582733,False
512,0.9449147932392942,-550.8520676070583,1812698.4327922622,burn,-15130.362141118905,False
513,0.9539412400280529,-460.58759971947086,1796352.2442842312,burn,-17345.18850803101,True
514,0.9782136433303453,-217.8635666965467,1811208.8276553191,mint,13857.583371087909,True
515,1.026511930778004,265.11930778003955,1931316.1181899654,mint,119108.29053464618,True
516,0.999521778473094,-4.782215269060197,2023741.363933671,mint,91426.24574370573,True
517,1.0134908442005706,134.9084420057056,2175907.804849686,mint,151167.44091601524,True
518,0.9920348146432749,-79.6518535672508,2312022.1650624448,mint,135115.3602127585,True
519,0.9683245394897118,-316.75460510288246,2407173.175176001,mint,94152.0101135565,True
520,0.9402584392914503,-597.4156070854974,2427678.140517719,mint,19505.965341717998,False
521,0.9457453512718701,-542.546487281299,2439306.0455734036,mint,10628.905055684445,False
522,0.9510307876422921,-489.69212357707903,2442516.286719229,mint,2211.241145825571,True
523,0.935401897162815,-645.9810283718504,2383755.0256478987,burn,-59760.26107133036,False
524,0.9364373790957379,-635.6262090426212,2294696.9059223374,burn,-90057.1197255613,False
525,0.9689947049509259,-310.05295049074124,2249915.399646528,burn,-45780.506275809574,True
526,1.0194749229496498,194.7492294964981,2318200.859942479,mint,67286.4602959511,True
527,1.001825129792029,18.2512979202909,2358976.2100513326,mint,39776.350108853636,True
528,0.9537546447491433,-462.4535525085671,2281355.175776564,burn,-78620.0342747685,True
529,0.9087949136835701,-912.0508631642987,2080146.1824800388,burn,-202207.99329652518,False
530,0.9280492055930318,-719.5079440696817,1882178.973618195,burn,-198966.2088618439,False
531,0.9991734798060282,-8.265201939717803,1788515.5260107957,burn,-94662.44760739921,True
532,0.9868858152271653,-131.1418477283466,1664986.0645147657,burn,-124528.46149602995,True
533,1.045320011000229,453.20011000228976,1633900.219830874,burn,-32084.844683891806,True
534,1.0672542241150664,672.5422411506643,1656701.0297518098,mint,21801.809920935866,False
535,1.0522157823390852,522.157823390852,1675706.4835694437,mint,18006.453817633817,False
536,1.000214915948076,2.149159480759888,1614808.095655559,burn,-61897.38791388458,True
537,0.9987754745214277,-12.245254785723247,1545483.5145324795,burn,-70323.58112307955,True
538,1.0133083497488307,133.08349748830662,1493444.3615745793,burn,-53038.15295790014,True
539,1.0380138253543412,380.1382535434117,1481009.602026153,burn,-13433.759548426357,True
540,1.0042414345822246,42.414345822245906,1421682.6296352155,burn,-60325.97239093731,True
541,1.059954135521966,599.5413552196593,1449380.0762620673,mint,26698.44662685176,False
542,1.053992550143148,539.9255014314797,1489921.3863875214,mint,39542.31012545412,False
543,1.0472463648134485,472.46364813448463,1543158.9538326643,mint,52238.56744514281,True
544,1.0418002965261837,418.00296526183666,1612936.7719727168,mint,68778.81814005254,True
545,1.0476084995907367,476.08499590736653,1728036.949167378,mint,114101.1771946612,True
546,1.015126839458999,151.26839458998953,1815376.8659783222,mint,86340.9168109442,True
547,1.0071920257736042,71.92025773604227,1910197.3107848146,mint,93821.44480649245,True
548,0.9649351381477186,-350.64861852281416,1930302.857123279,mint,19106.546338464297,True
549,1.0055021936564161,55.02193656416132,2036566.3073143046,mint,105264.45019102574,True
550,0.9825749497184301,-174.25050281569932,2110445.5966804656,mint,72880.28936616115,True
551,0.9492999860836272,-507.00013916372797,2109933.4722530837,burn,-1511.124427381759,False
552,0.9414328508439843,-585.6714915601568,2072108.1032215361,burn,-38824.36903154766,False
553,0.9005599980638679,-994.4000193613211,1926053.1946501443,burn,-147053.9085713919,False
554,0.9284830703532624,-715.1692964673762,1793968.3443322603,burn,-133083.8503178841,False
555,0.8808695435709469,-1191.3045642905306,1615570.5098990342,burn,-179396.83443322603,False
556,0.9723792835935161,-276.20716406483893,1490053.4770598474,burn,-126516.03283918664,True
557,1.0244777608885878,244.77760888587773,1431135.7268056995,burn,-59916.750254147955,True
558,1.0147841725010263,147.8417250102626,1358036.0348700657,burn,-74098.69193563375,True
559,1.0375471006588377,375.47100658837707,1315807.5450859822,burn,-43227.48978408351,True
560,1.0496734254170488,496.73425417048776,1296284.6481908632,burn,-20521.896895119065,True
561,1.020663865668762,206.63865668762105,1244201.289167178,burn,-53082.35902368514,True
562,1.032767493685687,327.67493685686986,1208177.464445852,burn,-37022.82472132619,True
563,1.045018286053952,450.18286053952085,1192314.5639068505,burn,-16861.900539001505,True
564,1.0411316337959537,411.31633795953746,1179276.9585690768,burn,-14036.605337773703,True
565,1.0246153858184486,246.15385818448576,1151447.1526781847,burn,-28828.80589089227,True
566,1.0063257665528307,63.2576655283068,1102611.370239431,burn,-49834.78243875369,True
567,1.0189436102080636,189.43610208063566,1065435.9411202688,burn,-38174.429119162225,True
568,1.018247350668721,182.47350668721074,1027219.9027405203,burn,-39215.03837974846,True
569,1.0493399573914823,493.39957391482335,1024840.3207656315,burn,-3378.581974888771,True
570,1.0799672924125088,799.6729241250878,1073666.0150153616,mint,47826.694249730055,False
571,1.0719047215771627,719.0472157716266,1142547.6465519166,mint,67882.63153655497,False
572,1.0370748938139012,370.74893813901167,1193061.7670782553,mint,49515.12052633875,True
573,0.9965107009671577,-34.89299032842341,1203491.2445609313,mint,9430.47748267602,True
574,1.014762642537913,147.6264253791304,1241568.0565478564,mint,37077.81198692498,True
575,1.0141144813486873,141.14481348687315,1290299.756458114,mint,47732.69991025753,True
576,1.0253350043010228,253.35004301022758,1373231.2429657502,mint,81932.48650763633,True
577,0.9981483612940025,-18.516387059974715,1435093.2604787315,mint,60863.017512981285,True
578,1.0169598148837564,169.5981488375642,1547254.410098972,mint,111162.14962024048,True
579,0.984359380246574,-156.40619753426012,1627597.963255844,mint,79344.55315687215,True
580,0.9448609853008808,-551.390146991192,1643486.2713709993,mint,14889.308115155092,False
581,0.9317316338562028,-682.6836614379716,1621804.3670380018,burn,-22680.904332997576,False
582,0.9564953748110181,-435.046251889819,1620942.1790373991,burn,-1861.1880006025463,True
583,0.9447710503379494,-552.289496620506,1586674.3458647993,burn,-35266.8331725999,False
584,1.0016049686752866,16.049686752865888,1634544.443294249,mint,46871.0974294496,True
585,0.998044569063178,-19.554309368220444,1685274.9809880187,mint,49731.537693769664,True
586,0.9845382279238848,-154.6177207611521,1717724.335172658,mint,31450.354184639513,True
587,0.9797175880533476,-202.82411946652368,1740984.2508959374,mint,22260.91572327945,True
588,0.9682117232228853,-317.8827677711471,1738504.5948534382,burn,-3478.6560424992717,True
589,0.924719336241092,-752.8066375890796,1647202.5102806417,burn,-92301.08457279646,False
590,0.9419215539825518,-580.7844601744816,1556975.6820105698,burn,-91225.82827007187,False
591,1.013042589419475,130.42589419475004,1562736.6050471002,mint,4761.923036530359,True
592,1.0159543707974175,159.5437079741746,1578863.3592363761,mint,15127.754189275855,True
593,1.0352792074939796,352.7920749397961,1641376.8748978546,mint,61514.51566147846,True
594,1.0390329184728506,390.3291847285062,1739313.259152669,mint,96937.38425481429,True
595,1.0069216108091648,69.21610809164758,1802440.4981423223,mint,62128.23898965335,True
596,1.0051467330677506,51.46733067750597,1877451.1637559147,mint,74011.66561359241,True
597,0.9427620139734061,-572.3798602659391,1834767.5835304619,burn,-43682.58022545272,False
598,0.9947605217516415,-52.39478248358465,1874645.8638476839,mint,38879.28031722206,True
599,1.0178186922281662,178.18692228166233,1975096.264208302,mint,99451.40036061806,True
600,1.003218551126595,32.18551126594971,2069172.0825543797,mint,93076.8183460778,True
601,0.9871026863289631,-128.97313671036858,2143464.3532477934,mint,73293.27069341387,True
602,0.9706631351996359,-293.3686480036413,2184716.170993931,mint,40252.817746137946,True
603,0.9923428662157314,-76.57133784268578,2278360.729808224,mint,92645.55881429267,True
604,0.9915223952289464,-84.77604771053637,2386433.444701756,mint,107073.71489353199,True
605,0.8895662772263523,-1104.3372277364772,2248688.5259490605,burn,-138743.9187526955,False
606,0.91451729395673,-854.8270604327001,2116514.2291001524,burn,-133173.29684890815,False
607,0.916832622668061,-831.6737733193902,1952522.9927633558,burn,-164990.23633679663,False
608,0.9223851030906078,-776.1489690939217,1767790.039561906,burn,-185731.95320145,False
609,1.0053922008962644,53.922008962643545,1701060.9478453994,burn,-67728.09171650643,True
610,1.022183987654913,221.83987654913028,1660463.9624550357,burn,-41595.98539036371,True
611,1.0444125790191698,444.1257901916984,1664733.031489557,mint,3270.0690345213416,True
612,1.0414279673130766,414.2796731307663,1678619.3114839736,mint,12887.27999441667,True
613,0.9988718208734013,-11.28179126598683,1626408.894328566,burn,-53209.417155407566,True
614,0.9695570540955435,-304.4294590445651,1519527.5606564484,burn,-107880.33367211773,True
615,0.9920353029656445,-79.6469703435554,1432980.676452092,burn,-87545.88420435652,True
616,1.0109810953532241,109.81095353224113,1366385.356151882,burn,-67594.32030020976,True
617,1.02337593209707,233.75932097069895,1314716.5739915832,burn,-52667.782160298906,True
618,1.0313241381118587,313.24138111858747,1274883.6223313746,burn,-40831.95166020871,True
619,1.0935011121652467,935.0111216524671,1337754.9658341743,mint,61872.34350279985,False
620,1.085468369563845,854.6836956384495,1431358.48987511,mint,92604.52404093581,False
621,1.0509210089526262,509.2100895262619,1508741.7019930433,mint,76384.21211793317,False
622,1.0194231589521194,194.23158952119434,1558693.1652368335,mint,48952.46324379017,True
623,1.0012267411499307,12.267411499307102,1589902.9176499587,mint,30210.752413125323,True
624,1.009681251471907,96.81251471906904,1643943.2478853008,mint,53041.33023534199,True
625,0.9908190956528156,-91.80904347184438,1674160.5987105833,mint,29218.350825282458,True
626,1.005297690209219,52.976902092189974,1736599.7254416137,mint,61440.12673103053,True
627,0.9958817751636442,-41.182248363558216,1793551.930649266,mint,55953.2052076524,True
628,1.0282976757024394,282.9767570243935,1939443.6076634682,mint,144892.67701420217,True
629,0.9851465345874648,-148.53465412535184,2024852.0327789795,mint,84409.42511551119,True
630,0.9920753770853948,-79.24622914605162,2140866.1600062223,mint,115015.12722724292,True
631,0.9392150685318852,-607.8493146811481,2144499.9019021997,mint,2634.741895977582,False
632,0.9263709550437348,-736.2904495626522,2096042.6009927632,burn,-49456.30090943659,False
633,0.9894725041678711,-105.27495832128864,2162003.270895979,mint,64961.66990321572,True
634,0.996625689776891,-33.74310223108967,2255947.277394407,mint,92945.00649842816,True
635,0.9886683991856685,-113.31600814331489,2346117.0224491213,mint,89170.74505471427,True
636,1.0243934593601658,243.93459360165792,2566126.882721205,mint,219010.86027208337,True
637,0.9782423624636832,-217.57637536316764,2701788.463888363,mint,134662.58116715812,True
638,0.9815134811014512,-184.86518898548798,2867989.512863215,mint,165202.04897485202,True
639,0.9822091958225991,-177.90804177400867,3066444.2248987793,mint,197455.7120355641,True
640,0.9886981053473644,-113.01894652635647,3332448.076033145,mint,265004.8511343659,True
641,0.9210501027763042,-789.4989722369583,3381514.9299121937,mint,48067.853879048445,False
642,0.9184172461861437,-815.8275381385627,3380037.6293610013,burn,-2476.3005511924225,False
643,0.933048552191144,-669.5144780885598,3382145.5826625307,mint,1108.953301529228,False
644,0.9769805755816737,-230.19424418326273,3513594.612426655,mint,130450.02976412441,True
645,0.9718232073618671,-281.76792638132883,3633652.892789629,mint,119059.28036297386,True
646,0.9864879267059886,-135.12073294011384,3823929.791480704,mint,189277.89869107527,True
647,0.9310457353708875,-689.5426462911247,3797556.8003414907,burn,-27371.991139213744,False
648,0.9315364623634296,-684.6353763657042,3723324.48841102,burn,-75231.3119304705,False
649,0.9802971034381149,-197.02896561885063,3794918.917779069,mint,70595.429368049,True
650,0.9683110367944044,-316.88963205595553,3812017.753862086,mint,16099.836083017446,True
651,0.9690368422934015,-309.6315770659852,3812157.7086551674,burn,-859.0452069188378,True
652,1.0100665297344071,100.66529734407138,3977148.5877452684,mint,163991.8790901011,True
653,0.9669069233537544,-330.9307664624561,3979128.5482705943,mint,980.9605253260704,True
654,0.952144563650955,-478.5543634904499,3893423.232376114,burn,-86704.31589448026,True
655,0.929024028220699,-709.7597177930104,3675205.8884316166,burn,-219216.3439444975,False
656,1.0032321979576801,32.321979576801496,3684644.382832354,mint,8439.494400737483,True
657,1.0266956427118459,266.9564271184588,3803475.654142906,mint,117832.27131055194,True
658,1.0326703138506845,326.7031385068453,3999565.4590476863,mint,195090.80490478026,True
659,0.9975841301785155,-24.15869821484451,4089692.6445053467,mint,89128.18545766042,True
660,0.9494055449539042,-505.94455046095834,3973315.086945488,burn,-117376.55755985835,False
661,0.9199561893860989,-800.4381061390109,3695949.7725260747,burn,-278364.3144194133,False
662,0.9956373386483184,-43.62661351681618,3639552.019266496,burn,-57396.7532595785,True
663,1.0178493619121152,178.49361912115168,3665596.1723192544,mint,25045.153052758335,True
664,1.031808359724073,318.08359724073034,3772568.863773304,mint,105973.69145404964,True
665,1.0222685667988909,222.68566798890888,3880946.063275553,mint,107378.19950224867,True
666,0.9870352134480449,-129.64786551955098,3864650.893148797,burn,-17294.170126755722,True
667,0.9826451295282607,-173.54870471739338,3817683.557682701,burn,-47966.33546609595,True
668,0.9626915827225759,-373.08417277424064,3671475.7008083835,burn,-147206.8568743176,True
669,0.9529255425145358,-470.7445748546424,3452724.205208655,burn,-219750.49559972875,True
670,1.0097097514261395,97.09751426139502,3396301.315090886,burn,-57421.89011776899,True
671,0.9724202938784509,-275.7970612154914,3204670.624696804,burn,-192629.6903940815,True
672,0.9740836504541182,-259.16349545881843,2990513.913876661,burn,-215155.71082014305,True
673,1.0026270456467579,26.27045646757864,2837269.082008466,burn,-154243.83186819515,True
674,1.0305282376256892,305.28237625689235,2757679.8750760932,burn,-80588.2069323727,True
675,1.004049155437134,40.49155437134022,2606223.6910300786,burn,-152455.18404601447,True
676,0.9842156743027759,-157.843256972241,2394208.1295745675,burn,-213014.56145551108,True
677,1.037934812112113,379.34812112113025,2298872.719079406,burn,-96334.41049516153,True
678,1.0604828874092238,604.828874092238,2268953.7324061254,burn,-30917.986673280462,False
679,1.0948409032126116,948.4090321261162,2364028.891487706,mint,94076.15908158067,False
680,1.06946011421267,694.6011421267007,2450076.550122635,mint,85048.658634929,False
681,1.0592087463981423,592.0874639814233,2559651.737733414,mint,108576.18761077887,False
682,1.0149435073047621,149.43507304762127,2581839.678147923,mint,21188.94041450924,True
683,0.9919550826846947,-80.44917315305322,2546807.739910719,burn,-36030.93823720431,True
684,0.9645387002883843,-354.61299711615715,2429508.1516485596,burn,-118298.58826215935,True
685,0.9702265114543234,-297.7348854567663,2301967.5161482883,burn,-128539.63550027148,True
686,0.9899364366012544,-100.63563398745589,2199567.166426119,burn,-103399.3497221694,True
687,1.0444644692871843,444.64469287184284,2218471.8572610724,mint,17905.690834953566,True
688,1.014253625109894,142.5362510989392,2181305.7587164124,burn,-38165.09854466018,True
689,1.0721359844601834,721.3598446018343,2304895.514244831,mint,122590.75552841902,False
690,1.054096496281725,540.9649628172497,2440378.5410992326,mint,134484.0268544016,False
691,1.031798267683265,317.982676832651,2565434.6258796416,mint,124057.08478040899,True
692,1.0061746266448934,61.74626644893433,2651907.306749594,mint,85473.68086995218,True
693,0.9860488044875874,-139.5119551241264,2694158.4847102687,mint,41252.17796067483,True
694,0.9649473179144534,-350.5268208554657,2671728.9527458283,burn,-23428.53196444051,True
695,0.9335818376299677,-664.1816237003228,2542714.038736815,burn,-130013.91400901334,False
696,0.9391203315047931,-608.7966849520687,2390001.954302642,burn,-153711.08443417298,False
697,1.0147983886696852,147.98388669685193,2393789.9331930056,mint,2788.9788903637814,True
698,1.0271852369188257,271.85236918825683,2441048.20236704,mint,46259.26917403408,True
699,1.0535973209370433,535.9732093704328,2598229.1714671603,mint,156181.96910012027,False
700,1.0043535055825774,43.53505582577411,2657285.4570213193,mint,58057.28555415895,True
701,0.9661469810314122,-338.5301896858783,2612857.06968631,burn,-45427.38733500942,True
702,0.9776528659066428,-223.471340933572,2579583.944408899,burn,-34272.12527741081,True
703,0.9645432487018784,-354.56751298121645,2495444.467280209,burn,-85138.4771286902,True
704,0.9891835277634571,-108.16472236542918,2452720.400994053,burn,-43723.066286156114,True
705,0.9543276384727791,-456.72361527220875,2311235.80219798,burn,-142483.59879607303,True
706,0.9267323740782047,-732.6762592179525,2084136.85984519,burn,-228097.94235279012,False
707,0.9904143413957828,-95.85658604217228,1956234.3720011197,burn,-128901.48784407032,True
708,1.0641624203660283,641.6242036602827,1976919.917689819,mint,19686.54568869932,False
709,1.0640133841792885,640.1338417928848,2027969.4065708574,mint,50050.48888103845,False
710,1.059757936602942,597.5793660294192,2106677.437916291,mint,77709.03134543354,False
711,1.038079437846607,380.7943784660695,2170311.0076321284,mint,62634.56971583761,True
712,1.024742405398003,247.42405398002987,2227652.9279859117,mint,56342.920353783375,True
713,0.9718423266649745,-281.57673335025504,2170533.4375999183,burn,-58118.49038599322,True
714,0.9661482454076467,-338.5175459235335,2083446.518422558,burn,-88085.91917736038,True
715,1.0198182896536712,198.1828965367116,2098786.1442418285,mint,14340.625819270526,True
716,0.9850216809151132,-149.78319084886783,2041910.96972785,burn,-57874.17451397851,True
717,0.9907526942965647,-92.47305703435349,1985793.088391908,burn,-57116.88133594196,True
718,1.0354457236187782,354.4572361877818,2022172.2328994612,mint,35380.14450755311,True
719,1.027302036997032,273.0203699703204,2059697.5858270072,mint,36526.35292754592,True
720,1.0210228857858392,210.2288578583922,2099772.258602601,mint,39075.67277559395,True
721,1.00201790172274,20.179017227399676,2108190.8259313726,mint,7419.567328771739,True
722,1.0176718435746643,176.71843574664337,2158541.119281306,mint,49351.29334993354,True
723,1.028018115516673,280.1811551667299,2255537.558921254,mint,95997.43963994774,True
724,0.9842117764090234,-157.88223590976648,2265260.2493035425,mint,8723.690382288783,True
725,0.9468349334538287,-531.6506654617126,2178547.2749951873,burn,-87711.97430835535,False
726,0.9160878604390413,-839.1213956095867,2000627.5560662143,burn,-178918.71892897293,False
727,0.9754028834843713,-245.97116515628682,1904662.6191678564,burn,-96963.93689835785,True
728,1.0110653918535073,110.653918535073,1864649.5527859433,burn,-41012.06638191315,True
729,1.0787997889106307,787.9978891063066,1984142.1555793444,mint,118493.60279340121,False
730,1.0438438376075114,438.43837607511426,2074285.1879795878,mint,89144.03240024338,True
731,1.0162365808782334,162.3658087823343,2130316.9630035693,mint,55032.7750239816,True
732,1.0087715582611612,87.71558261161161,2184752.0625474206,mint,53436.09954385154,True
733,1.0039828054771416,39.82805477141582,2240742.4171400466,mint,54991.3545926258,True
734,0.9870492284734543,-129.50771526545668,2263682.1860253494,mint,21940.768885302758,True
735,0.9630601145986705,-369.3988540132953,2224031.247867376,burn,-40649.93815797317,True
736,0.9750130998579903,-249.8690014200966,2193487.1694147894,burn,-31543.078452586637,True
737,0.9832966506133298,-167.03349386670175,2168931.4408232635,burn,-25554.728591525723,True
738,0.9893211031576322,-106.7889684236778,2148903.032869114,burn,-21027.40795414964,True
739,1.0152730579168476,152.7305791684763,2186725.075912814,mint,36823.04304369999,True
740,1.0058963006448336,58.96300644833596,2213371.0996295093,mint,25647.02371669533,True
741,0.9638057847726743,-361.94215227325685,2143054.962232957,burn,-71315.13739655224,True
742,0.9651221915052555,-348.77808494744534,2055076.2799150925,burn,-88977.6823178645,True
743,0.9825566980769825,-174.43301923017464,1983991.6647920674,burn,-72083.61512302504,True
744,1.0022232467339824,22.232467339824424,1941497.8908530045,burn,-43492.77393906291,True
745,1.0261472260025,261.4722600249997,1947677.4159396912,mint,5180.525086686701,True
746,1.0241259609478903,241.25960947890323,1960280.82059002,mint,11604.404650328597,True
747,0.9631949708226877,-368.0502917731232,1853488.3553195603,burn,-107791.46527045961,True
748,0.9577642258732728,-422.3577412672719,1718236.0232369183,burn,-136251.3320826419,True
749,1.0129327907859065,129.3279078590648,1660672.8980940518,burn,-58562.12514286644,True
750,1.0225293962559754,225.29396255975388,1618401.41312484,burn,-43270.48496921178,True
751,1.0699605293451582,699.6052934515817,1671399.1135271126,mint,51998.700402272545,False
752,1.0519549681287779,519.5496812877786,1721713.6713096993,mint,49315.55778258664,False
753,1.0245745927584515,245.7459275845153,1741795.431393885,mint,19082.760084185855,True
754,1.0007502788533875,7.502788533875204,1725135.2989704905,burn,-17659.1324233945,True
755,0.9972579224451662,-27.420775548337993,1699662.8337715366,burn,-26471.465198953952,True
756,1.0088077778137008,88.0777781370079,1692174.5104252356,burn,-8487.323346301071,True
757,1.0103002069849483,103.00206984948268,1689367.8362376003,burn,-3805.674187635262,True
758,1.0338660027997686,338.6600279976859,1738058.4872729944,mint,47691.65103539412,True
759,0.9770636919089818,-229.3630809101821,1692757.4092213218,burn,-46300.078051672455,True
760,0.9528376227208968,-471.6237727910322,1593849.97047234,burn,-99906.43874898183,True
761,0.9785024937436417,-214.97506256358267,1516932.0679886946,burn,-77916.90248364542,True
762,1.0180954596106009,180.95459610600884,1492212.268509977,burn,-25718.79947871766,True
763,1.0438375140440694,438.3751404406944,1514986.7527646914,mint,21775.48425471427,True
764,1.017696996565994,176.96996565994107,1507610.4894214848,burn,-8375.263343206538,True
765,0.9427086697408374,-572.9133025916256,1386657.1684718055,burn,-121952.32094967917,False
766,0.9704531040623883,-295.46895937611725,1285542.0246029773,burn,-102114.14386882824,True
767,1.019279274349617,192.79274349617071,1237121.6683733019,burn,-49419.35622967537,True
768,1.0358279544614182,358.27954461418176,1210810.8973629603,burn,-27309.77101034158,True
769,1.0581576002261281,581.5760022612815,1221706.3390848988,mint,9896.441721938563,False
770,1.077544248296941,775.4424829694107,1281515.4252689679,mint,58810.086184069056,False
771,1.0437008849789309,437.0088497893088,1319430.6566233435,mint,36916.231354375566,True
772,1.014523808276524,145.23808276523997,1329198.660040863,mint,8769.003417519594,True
773,0.9860100577820542,-139.89942217945804,1301150.2069859332,burn,-29047.453054929934,True
774,0.95869596000921,-413.0403999079002,1229741.315771557,burn,-72407.8912143764,True
775,0.9414328967420951,-585.6710325790493,1124950.1841819556,burn,-105790.13158960131,False
776,0.968065616594504,-319.3438340549604,1035122.6027672193,burn,-90826.58141473636,True
777,1.0377111065192335,377.1110651923348,1010587.885447576,burn,-25533.717319643383,True
778,1.0635709681008476,635.7096810084761,1021555.1790474438,mint,9968.293599867868,False
779,1.0401367013178004,401.36701317800447,1018463.6181597076,burn,-4090.5608877361537,True
780,1.0882035348597243,882.0353485972432,1089311.2585267066,mint,69848.64036699891,False
781,1.032890782073597,328.9078207359708,1118157.969545924,mint,27847.71101921742,True
782,1.0482758531421559,482.75853142155876,1184024.0410301564,mint,64867.07148423234,True
783,1.0515824289955913,515.824289955913,1286879.277819953,mint,101856.2367897965,False
784,1.0179324679708108,179.32467970810828,1373360.0159572393,mint,85481.73813728648,True
785,0.9682289655968683,-317.7103440313167,1399910.8653462606,mint,25551.849389021285,True
786,0.9521208321800806,-478.7916781991941,1397006.5837585777,burn,-3903.281587682813,True
787,0.9615254908512539,-384.7450914874606,1395893.0197868198,burn,-2112.563971757774,True
788,0.9277502123360254,-722.4978766397461,1335595.3333031037,burn,-61296.68648371621,False
789,0.9264157642500231,-735.8423574997686,1252872.7647292917,burn,-83721.5685738121,False
790,0.9316325743260894,-683.6742567391063,1157060.5996900774,burn,-96811.16503921423,False
791,0.9883070902547799,-116.9290974522008,1109169.2569977627,burn,-48890.342692314676,True
792,1.0398045905529727,398.04590552972695,1118564.851194157,mint,8396.594196394266,True
793,1.0501901215537104,501.9012155371039,1153602.3468751048,mint,34038.49568094789,False
794,1.0546878801387063,546.8788013870629,1216127.798442045,mint,61526.451566940115,False
795,1.0052180264073312,52.180264073311555,1230449.9615734282,mint,13323.163131383148,True
796,0.9907580286093428,-92.41971390657189,1227715.6908586402,burn,-3733.2707147880606,True
797,0.9859405147613703,-140.59485238629654,1215781.171939088,burn,-12933.518919552316,True
798,1.0034372269327532,34.37226932753168,1223282.0375967305,mint,6501.8656576423755,True
799,1.0505020524044493,505.02052404449273,1307924.5775852546,mint,83643.5399885241,False
800,0.9978872243219153,-21.127756780846553,1338178.3655753953,mint,29254.787990140685,True
801,1.0097048520436545,97.04852043654455,1393407.6712509366,mint,54230.30567554139,True
802,1.0248976878200937,248.97687820093716,1492721.1025800216,mint,98314.43132908511,True
803,1.0018696027042706,18.69602704270612,1579812.583254848,mint,86092.48067482638,True
804,0.9654905519287794,-345.09448071220584,1616146.831170385,mint,35335.24791553709,True
805,0.9352062825220713,-647.9371747792873,1593808.1373940054,burn,-23337.69377637955,False
806,0.917899211549599,-821.0078845040103,1522896.147689726,burn,-71910.9897042794,False
807,0.8879371833003753,-1120.628166996247,1384242.0663223718,burn,-139653.0813673541,False
808,0.9328655190106488,-671.3448098935115,1276355.9658154238,burn,-108885.10050694799,False
809,0.9677640037254915,-322.3599627450846,1193440.7739442678,burn,-83914.19187115591,True
810,1.0249411916727902,249.41191672790185,1170473.463918128,burn,-23966.31002613979,True
811,1.0164678823173376,164.67882317337646,1138996.5503882247,burn,-32475.913529903282,True
812,1.023790881288909,237.90881288908938,1116655.753536653,burn,-23339.79685157176,True
813,1.0387796252293287,387.7962522932865,1115951.8247237275,burn,-1702.928812925388,True
814,1.048264747437215,482.64747437215095,1136943.3054209002,mint,19992.48069717277,True
815,1.0531153753630473,531.1537536304734,1180969.0645247465,mint,43026.759103846256,False
816,1.034689002666523,346.8900266652297,1219808.1208402675,mint,37840.0563155209,True
817,0.9814573877918864,-185.42612208113596,1197968.4059152186,burn,-22838.71492504882,True
818,1.0019086105695427,19.086105695427236,1196715.7920971499,burn,-2251.6138180686694,True
819,0.9847972916923494,-152.02708307650582,1172765.6921721166,burn,-24949.09992503326,True
820,1.0266730263004122,266.7302630041224,1199536.021259332,mint,25771.329087215523,True
821,1.014131427253099,141.31427253099017,1219426.18442685,mint,18891.1631675179,True
822,1.011158412724462,111.58412724461941,1241972.1469767315,mint,21546.962549881646,True
823,1.0595782031924477,595.7820319244767,1354893.4770481263,mint,111922.3300713947,False
824,1.0298252895475268,298.25289547526836,1462201.7828533542,mint,106309.30580522801,True
825,0.9998564674586601,-1.435325413399191,1548577.9846703783,mint,85377.201817024,True
826,0.8833624574530508,-1166.3754254694925,1455791.055079899,burn,-93785.9295904793,False
827,0.884870983532482,-1151.2901646751804,1333821.9939543582,burn,-122968.06112554086,False
828,0.9226017896980356,-773.9821030196437,1231287.6978688496,burn,-103533.29608550851,False
829,0.9818869656054416,-181.13034394558358,1180886.056044072,burn,-51400.6418247776,True
830,0.9663187457624551,-336.8125423754487,1103837.1767849312,burn,-78047.8792591408,True
831,1.0292676775297147,292.67677529714706,1089114.42428769,burn,-15721.752497241094,True
832,1.0708557349146208,708.5573491462083,1135648.3830522122,mint,45534.9587645221,False
833,1.066565997119627,665.6599711962707,1205138.8800338188,mint,68491.49698160659,False
834,1.0592753552693168,592.7535526931682,1299915.8579214192,mint,93777.9778876005,False
835,1.0197740835014786,197.74083501478577,1366980.8221524353,mint,66065.96423101604,True
836,1.0124087846315264,124.08784631526393,1442513.0069187593,mint,74533.18476632405,True
837,1.0117932810642585,117.93281064258477,1539347.9601967144,mint,95835.95327795499,True
838,0.9853637654351656,-146.36234564834427,1611054.0986418987,mint,70707.13844518442,True
839,0.8681757352478944,-1318.2426475210561,1493353.9362538084,burn,-118699.16238809035,False
840,0.9433364498897251,-566.6355011027491,1447526.6413094634,burn,-46826.294944345085,False
841,0.978378911804025,-216.21088195974968,1436653.0051300148,burn,-11872.636179448617,True
842,0.973155068353417,-268.4493164658297,1410347.2739625112,burn,-27304.73116750368,True
843,0.9729264253412663,-270.73574658733725,1373705.8627888355,burn,-37640.41117367575,True
844,0.9883045529628683,-116.95447037131656,1349094.378275641,burn,-25610.48451319443,True
845,1.0249514383354652,249.51438335465204,1375796.0433817639,mint,25702.665106122753,True
846,1.031463485529048,314.63485529048097,1426157.7596348107,mint,49362.716253046885,True
847,0.9853849392759073,-146.1506072409269,1416786.0433505941,burn,-10370.716284216602,True
848,1.028725814929665,287.2581492966497,1476330.3909364354,mint,58545.34758584123,True
849,1.042373040379987,423.730403799869,1587345.2199777896,mint,110015.8290413542,True
850,0.9787697844497987,-212.30215550201325,1611147.0725044883,mint,22802.852526698753,True
851,0.9830875496175101,-169.12450382489897,1640552.6858532059,mint,28406.613348717674,True
852,0.9778803380095711,-221.19661990428918,1659699.7155896078,mint,18148.029736402023,True
853,1.0057818443232571,57.81844323257124,1731354.932844875,mint,70656.21725526718,True
854,0.9622193725240696,-377.8062747593036,1730064.5608377673,burn,-2289.3720071076477,True
855,0.9851865270318267,-148.13472968173258,1761814.1311537127,mint,30750.57031594553,True
856,0.993044953584514,-69.55046415486055,1810750.0121661264,mint,47936.881012413556,True
857,0.9976371025925868,-23.628974074132447,1876992.7264836505,mint,65243.71431752416,True
858,0.9918571321122545,-81.42867887745541,1942550.2422685355,mint,64558.515784884934,True
859,0.9474800669075767,-525.1993309242331,1918564.5862308173,burn,-24984.65603771827,False
860,0.9788988616428963,-211.011383571037,1940060.519508221,mint,20496.933277403816,True
861,0.9969289725617722,-30.71027438227847,1998996.8985928504,mint,57937.37908462956,True
862,0.9917161692573876,-82.83830742612408,2055553.840168637,mint,55557.94157578648,True
863,0.9802791786688709,-197.20821331129068,2091352.2307158264,mint,34799.39054718947,True
864,1.013540372153753,135.40372153753032,2212904.410156081,mint,120553.17944025448,True
865,1.0231235172169586,231.235172169586,2402406.2062503966,mint,188502.79609431574,True
866,0.9718861817185379,-281.1381828146209,2492880.950535079,mint,89475.74428468262,True
867,0.9695245888015153,-304.7541119848474,2580517.6416120613,mint,86637.69107698207,True
868,0.8787640205689445,-1212.3597943105547,2423425.8727071052,burn,-158090.7689049563,False
869,0.8933405640828859,-1066.5943591711414,2244947.5296404436,burn,-179477.34306666165,False
870,0.9221324351888173,-778.6756481118273,2082249.5461351243,burn,-163696.98350531925,False
871,0.9665872659197519,-334.1273408024814,1975983.423447922,burn,-107265.12268720222,True
872,0.9863910944697664,-136.0890553023364,1890336.232432907,burn,-86646.19101501508,True
873,0.9803808948627365,-196.19105137263503,1781216.7456930706,burn,-110118.48673983641,True
874,0.9829660365950609,-170.33963404939124,1663519.2312148735,burn,-118696.51447819713,True
875,0.989407201451327,-105.92798548673011,1545100.939647754,burn,-119417.2915671196,True
876,0.9944111793915202,-55.88820608479761,1425692.7870598505,burn,-120407.15258790337,True
877,0.9694730339668919,-305.2696603310812,1284122.5083538655,burn,-142569.27870598505,True
878,1.031767242512678,317.6724251267804,1195709.1264276833,burn,-89412.3819261822,True
879,1.0589844069383565,589.8440693835649,1143188.9764163445,burn,-53519.15001133877,False
880,1.0184694113878097,184.69411387809663,1049566.138754245,burn,-94621.83766209953,True
881,1.0793040613006475,793.0406130064749,1023627.7253460294,burn,-26937.41340821547,False
882,1.0807450024940373,807.4500249403727,1012183.1808209342,burn,-12443.544525095152,False
883,1.0730545014192976,730.5450141929759,1006121.7171136267,burn,-7060.463707307624,False
884,1.097846533249473,978.465332494729,1047590.6428211948,mint,40469.92570756822,False
885,1.060067806782833,600.6780678283308,1068365.5951322727,mint,19775.95231107786,False
886,1.0555244578287741,555.2445782877413,1100695.5176412154,mint,31330.92250894269,False
887,1.0362445210758362,362.445210758362,1125509.334372477,mint,23814.816731261573,True
888,1.0079283402408894,79.28340240889398,1124730.3221307597,burn,-1778.0122417170808,True
889,0.9785776877681314,-214.22312231868634,1088970.7546715753,burn,-36758.56745918434,True
890,0.9727842790605887,-272.15720939411267,1038948.7888076324,burn,-51020.965863942925,True
891,0.9927110466379142,-72.88953362085793,1001376.8635522756,burn,-38570.925255356815,True
892,1.0369042951943213,369.0429519432126,1008627.5017735148,mint,6251.638221239181,True
893,0.9648838808916073,-351.1611910839274,944932.6705894058,burn,-64693.831184108945,True
894,0.9594884940159584,-405.1150598404163,867334.0730069783,burn,-78597.59758242751,True
895,1.0179935833395821,179.9358333958212,832097.5260305216,burn,-36235.54697645668,True
896,1.0472193760416362,472.1937604163617,823435.3717476662,burn,-9661.154282855485,True
897,1.024252039429881,242.52039429881077,799453.9829210648,burn,-24980.388826601364,True
898,1.0332427799852135,332.4277998521352,784434.9061326344,burn,-16018.076788430451,True
899,1.0675820519805963,675.820519805963,805540.2484632668,mint,20106.3423306324,False
900,1.0411797246326147,411.79724632614654,815373.9456099573,mint,8834.697146690514,True
901,1.0375220380436536,375.2203804365362,830179.3404779446,mint,13806.394867987225,True
902,1.025354968540804,253.549685408041,841650.7831561005,mint,10472.442678156007,True
903,1.0512839051359508,512.8390513595083,888308.297360072,mint,45658.51420397151,False
904,1.0564047619973254,564.0476199732536,964727.0162412241,mint,75419.7188811521,False
905,1.018442719794237,184.4271979423695,1023812.0432569084,mint,58086.02701568423,True
906,0.997077542049971,-29.22457950028989,1072669.436435089,mint,47858.393178180624,True
907,0.953384965157699,-466.1503484230101,1075404.874277192,mint,1736.4378421030663,True
908,0.9579678259776182,-420.321740223818,1074731.218668759,burn,-1672.6556084328256,True
909,0.9776753752429506,-223.24624757049438,1089529.0526588708,mint,13798.833990111598,True
910,0.9491961973486304,-508.03802651369637,1067783.1877919848,burn,-22744.864866886146,False
911,0.9655619887413908,-344.38011258609237,1052523.7354222299,burn,-16258.452369754801,True
912,1.0066011087682551,66.01108768255148,1078170.4903870455,mint,24647.754964815653,True
913,0.9824942238649313,-175.05776135068652,1079261.1876239611,mint,91.69723691569217,True
914,0.961473079819867,-385.2692018013304,1052159.5701267726,burn,-28100.617497188567,True
915,0.9709364877623121,-290.6351223768788,1025441.1061065271,burn,-27717.464020245425,True
916,1.0174201514917733,174.2015149177334,1044310.7733725037,mint,17870.667265976546,True
917,0.9885551083693856,-114.44891630614352,1034845.5620780665,burn,-10464.211294437227,True
918,0.9623225285218081,-376.77471478191893,992932.1524003622,burn,-42912.40967770428,True
919,0.9988950684218814,-11.049315781186397,979362.7281409047,burn,-14568.4242594575,True
920,1.0538778495106502,538.7784951065022,1030453.0754751706,mint,50091.34733426599,False
921,0.9752852613985864,-247.147386014136,1006428.1841540685,burn,-25023.891321102143,True
922,1.0086883893984273,86.8838939842731,1012716.1118417116,mint,5288.92768764312,True
923,0.9978810064657356,-21.189935342643686,1009018.40670467,burn,-4696.705137041529,True
924,0.9884585455997471,-115.41454400252893,993709.4867884648,burn,-16307.919916205188,True
925,0.9990262196977301,-9.73780302269911,986032.7763797452,burn,-8675.710408719564,True
926,0.9880353288743752,-119.64671125624827,965078.2332986618,burn,-21953.543081083397,True
927,1.0232434845890346,232.4348458903458,978417.881395103,mint,12340.648096441133,True
928,0.9917871056790928,-82.12894320907216,962794.9386625293,burn,-16621.942732573647,True
929,1.0287497130861212,287.49713086121176,985394.1207256195,mint,21600.182063090113,True
930,1.0243354186712654,243.3541867126543,1012810.2860527481,mint,26417.165327128656,True
931,0.9930662437267586,-69.33756273241443,1012438.3635996667,burn,-1370.9224530813312,True
932,1.0037581651379792,37.58165137979219,1023272.5653482229,mint,9835.201748556126,True
933,0.9777520259752277,-222.479740247723,1006362.6457174919,burn,-17908.919630731038,True
934,0.9738579063504684,-261.42093649531574,979107.3762561489,burn,-28254.269461343,True
935,1.0034813235650188,34.81323565018846,976149.7748044793,burn,-3956.601451669597,True
936,0.969929595426601,-300.7040457339905,937735.0295425046,burn,-39413.745261974735,True
937,0.9628982744018901,-371.0172559810987,884395.870175051,burn,-54338.15936745355,True
938,1.0008827281368138,8.827281368137818,856467.6810062871,burn,-28927.18916876393,True
939,1.0351473566469447,351.47356646944684,858918.0693029765,mint,1451.3882966893316,True
940,1.034295797634844,342.95797634843916,866950.7861898966,mint,7033.716886920171,True
941,1.0298335698699326,298.33569869932575,877676.9634200608,mint,9727.17723016423,True
942,1.0056501350631002,56.50135063100193,870398.8138869165,burn,-8277.149533144331,True
943,1.048900390068032,489.0039006803204,909658.4509888303,mint,38260.63710191385,True
944,1.0342803762612105,342.803762612105,950038.2492214529,mint,39380.798232622576,True
945,0.9784481651080055,-215.51834891994525,941548.9893509198,burn,-9488.259870533055,True
946,1.0045588567112866,45.58856711286641,956376.1720617376,mint,13828.182710817766,True
947,1.012084348491528,120.84348491528063,983559.3513024567,mint,26184.179240719106,True
948,0.9001896611315959,-998.1033886840407,902020.6970884812,burn,-82537.65421397556,False
949,0.9275677366532811,-724.3226334671892,827118.8125548799,burn,-75900.88453360126,False
950,0.9616226590331128,-383.77340966887164,767170.0584309697,burn,-60947.75412391023,True
951,1.0142613667614895,142.6136676148948,740513.2341612463,burn,-27655.82426972334,True
952,1.0646909897130663,646.909897130663,757031.4391083614,mint,15519.204947115084,False
953,1.0725832899630596,725.8328996305963,795954.3335547114,mint,37923.89444635009,False
954,1.0657655961060517,657.655961060517,850639.8418357805,mint,53686.50828106905,False
955,0.9939199024995267,-60.80097500473336,852432.387869563,mint,793.5460337824219,True
956,1.0115618149960837,115.61814996083663,871385.3138832189,mint,17953.92601365598,True
957,1.0165027676933656,165.0276769336556,901413.8124394203,mint,29029.498556201324,True
958,1.0056506989113652,56.5069891136516,928437.9290595051,mint,26025.116620084875,True
959,1.0069718135442378,69.71813544237816,963512.6742421758,mint,34075.74518267066,True
960,0.9423252238174533,-576.7477618254668,935804.4015267759,burn,-28707.27271539986,False
961,0.8940082311110142,-1059.9176888898576,853202.3476355991,burn,-83601.05389117685,False
962,0.9505784151283022,-494.21584871697786,799879.4700834891,burn,-54321.87755210999,True
963,0.9828416859547252,-171.58314045274793,762653.9952624034,burn,-38224.47482108569,True
964,1.0007829807203135,7.829807203134642,734362.6186327179,burn,-29290.376629685474,True
965,1.0299645651909095,299.6456519090951,727103.6272945603,burn,-8257.99133815754,True
966,1.037376802446953,373.7680244695296,729445.7251377311,mint,1343.0978431707188,True
967,1.040768389521431,407.68389521431027,740736.9251120613,mint,10292.19997433025,True
968,1.0515702903876945,515.7029038769446,770927.1343273461,mint,29191.20921528475,False
969,1.0144364090755964,144.364090755964,779809.9446834497,mint,7883.810356103606,True
970,1.0163353032054911,163.35303205491147,794286.8572275769,mint,13477.912544127164,True
971,0.9891652493159638,-108.34750684036165,788587.2872969193,burn,-6698.5699306576,True
972,0.9399131863568504,-600.868136431496,740191.4136275917,burn,-49394.87366932755,False
973,0.9657384560361629,-342.61543963837073,700475.081488367,burn,-40715.33213922465,True
974,1.021899901418772,218.9990141877196,695776.1350223209,burn,-5697.946466046207,True
975,0.9998671726815719,-1.3282731842811923,676108.3958374237,burn,-20666.739184897182,True
976,1.0248223832136625,248.2238321366248,673176.962777675,burn,-3930.4330597487606,True
977,1.0472773566426603,472.77356642660305,691734.9464436407,mint,17558.983665965785,True
978,1.0479298997820392,479.2989978203921,721837.4755328745,mint,29103.529089233765,True
979,1.00665790791403,66.57907914030092,728288.7826810738,mint,5452.3071481993165,True
980,0.9822871950262857,-177.12804973714302,716494.8844276282,burn,-12792.898253445559,True
981,0.9924020354550763,-75.97964544923674,708901.135721411,burn,-8592.748706217326,True
982,1.0049777041484544,49.77704148454443,709413.459911027,burn,-486.67581038399953,True
983,1.0204038033221239,204.0380332212388,723802.1689658676,mint,13389.709054840583,True
984,1.025175525073341,251.75525073340975,748323.2915317065,mint,23522.122565838843,True
985,1.0686584275445117,686.5842754451168,824154.6206848772,mint,74832.32915317065,False
986,1.054515146094645,545.1514609464492,907569.0827533649,mint,82415.46206848772,False
987,0.986775970408364,-132.24029591636045,961424.4122017262,mint,52856.32944836133,True
988,1.0071553017155195,71.5530171551948,1053420.7303116596,mint,90997.31810993333,True
989,0.9351734968728576,-648.2650312714244,1075476.5514499065,mint,21056.82113824689,False
990,0.9033576979777949,-966.4230202220514,1051826.89681879,burn,-24648.6546311167,False
991,0.9406771164424655,-593.2288355753445,1049083.3351000964,burn,-3742.5617186935146,False
992,0.9396033475001949,-603.9665249980508,1033557.1522337928,burn,-16525.182866303556,False
993,0.8816535199600447,-1183.464800399553,947713.0833049396,burn,-86843.0689288532,False
994,0.968229195524442,-317.7080447555802,920971.483156924,burn,-27740.600148015586,True
995,1.0001501846996366,1.5018469963656855,918277.9365451713,burn,-3692.5466117527594,True
996,0.9987772007610849,-12.227992389151066,913773.2872723612,burn,-5503.649272810085,True
997,0.9963743242722624,-36.25675727737643,905920.10215019,burn,-8852.18512217115,True
998,0.994964806076101,-50.35193923898951,894933.670021625,burn,-11985.432128565057,True
999,0.9417361939916292,-582.6380600837077,832681.6466276005,burn,-63251.02339402441,False
