day,market_price,peg_deviation_bps,supply,action,action_magnitude,in_band
0,1.0,0.0,1000999.0,hold,0.0,True
1,1.0248357076505616,248.35707650561645,1001625.0922221624,burn,-372.90777783756835,True
2,1.0177507980038825,177.50798003882463,1002233.0172120181,burn,-391.07501014431864,True
3,1.0058353088048837,58.35308804883699,1002930.8841144971,burn,-301.1330975210876,True
4,0.994060147885103,-59.39852114897004,1003776.4243655631,burn,-153.4597489340636,True
5,1.0725517741313693,725.5177413136926,1003469.825997968,burn,-1305.5983675950831,False
6,1.1137074481455183,1137.0744814551824,1002180.1316822628,burn,-2288.6943157051787,False
7,1.0875645921290533,875.6459212905332,1000716.599912579,burn,-2462.5317696837224,False
8,1.117068046754458,1170.6804675445803,998375.6586397694,burn,-3339.9412728096177,False
9,1.1305824628587853,1305.8246285878527,995255.7539719234,burn,-4118.904667845992,False
10,1.0224264083015717,224.2640830157172,993113.5500984173,burn,-3141.2038735060723,True
11,0.9706491440725926,-293.50855927407383,991638.0580912686,burn,-2474.4920071486786,True
12,0.9859003392931275,-140.99660706872518,990084.9146394106,burn,-2552.143451858068,True
13,1.0581495202213433,581.4952022134335,987532.5754022369,burn,-3551.339237173669,False
14,1.0462042660194846,462.0426601948457,984879.213347474,burn,-3652.362054762849,True
15,1.0177274895822068,177.27489582206823,982428.8293510447,burn,-3449.3839964292774,True
16,1.0233719380203758,233.71938020375848,979816.7684205472,burn,-3611.060930497459,True
17,0.9926380990127646,-73.61900987235437,977551.5103805974,burn,-3264.2580399498524,True
18,0.9781607825483295,-218.392174516705,975542.0670700719,burn,-3008.443310525508,True
19,0.977500659752735,-224.99340247264965,973654.9929200235,burn,-2886.074150048378,True
20,0.9258050032086316,-741.9499679136843,972638.0405355796,burn,-2015.9523844439368,False
21,0.9638808129580784,-361.1918704192163,971428.5084174427,burn,-2208.532118136834,True
22,0.9050434244666395,-949.5657553336046,971254.5035258629,burn,-1173.00489157979,False
23,0.844940121965447,-1550.59878034553,972417.4778026763,mint,163.97427681337277,False
24,0.8532569197977233,-1467.4308020227666,974213.2521052603,mint,796.7743025840366,False
25,0.8847620057687455,-1152.3799423125447,976264.9030029317,mint,1052.6508976714958,False
26,0.8923430129782847,-1076.5698702171533,978770.2687150647,mint,1506.365712133001,False
27,0.8871831161406804,-1128.1688385931966,981882.112772973,mint,2112.8440579083313,False
28,0.8738264103939614,-1261.7358960603865,985751.2593400612,mint,2870.1465670882326,False
29,0.8537004942081575,-1462.9950579184247,990551.1819195496,mint,3800.9225794883982,False
30,0.8988237825562333,-1011.762174437667,995423.7441894738,mint,3873.562269924204,False
31,0.9133885015180968,-866.114984819032,1000601.4557122812,mint,4178.711522807386,False
32,0.8958020151645653,-1041.9798483543475,1006498.1767807017,mint,4897.721068420568,False
33,0.731112308290715,-2688.8769170928495,1015434.5347385878,mint,7937.357957886099,False
34,0.7534725114637723,-2465.2748853622775,1025465.9752246535,mint,9032.440486065638,False
35,0.7885309997426729,-2114.6900025732707,1036311.4053128116,mint,9846.430088158148,False
36,0.815253030399809,-1847.4696960019098,1047941.325731382,mint,10630.920418570358,False
37,0.8422495032355493,-1577.5049676445074,1060234.2099175171,mint,11293.88418613513,False
38,0.8524037543184537,-1475.9624568154627,1073334.351204216,mint,12101.141286698787,False
39,0.8419299417495594,-1580.7005825044062,1087544.7420526182,mint,13211.390848402249,False
40,0.8095296245570984,-1904.7037544290158,1103318.138095352,mint,14774.39604273394,False
41,0.7458133576353788,-2541.866423646212,1121411.0539789419,mint,17093.915883589743,False
42,0.7696030489653751,-2303.9695103462486,1140809.3550289266,mint,18399.301049984762,False
43,0.7336717124965509,-2663.2828750344906,1162454.9864219937,mint,20646.631393067044,False
44,0.7624392806960449,-2375.6071930395506,1185538.7236378232,mint,22084.73721582957,False
45,0.7389990091096665,-2610.0099089033347,1210886.0413862048,mint,24348.317748381618,False
46,0.7512993682927375,-2487.0063170726253,1238110.7337182858,mint,26225.69233208093,False
47,0.7490523346726369,-2509.476653273631,1267506.3914412358,mint,28396.65772295006,False
48,0.7850508073607249,-2149.4919263927513,1298482.2169710188,mint,29976.82552978302,False
49,0.7967343436063629,-2032.6565639363714,1331358.6036510356,mint,31877.386680016698,False
50,0.7557775864248423,-2442.2241357515773,1367213.116086244,mint,34855.5124352083,False
51,0.7609075715043256,-2390.9242849567436,1405570.6280046264,mint,37358.511918382595,False
52,0.7840425729028275,-2159.5742709717247,1446168.7807800607,mint,39599.15277543432,False
53,0.7265343091497287,-2734.6569085027127,1490719.7599253873,mint,43551.97914532663,False
54,0.7589606059700996,-2410.3939402990036,1537925.6362097452,mint,46206.87628435783,False
55,0.7432211050569326,-2567.7889494306737,1588811.3185575802,mint,49886.68234783499,False
56,0.6912424178711619,-3087.5758212883807,1644626.2434611171,mint,54815.9249035368,False
57,0.6799189966789335,-3200.8100332106646,1705185.1472768057,mint,59559.90381568868,False
58,0.6506281524496812,-3493.718475503188,1771415.3646710766,mint,65231.21739427089,False
59,0.6067305971887453,-3932.6940281125467,1844440.0195093257,mint,72025.65483824903,False
60,0.575815465206487,-4241.84534793513,1924915.978667331,mint,79476.95915800521,False
61,0.6318168478282925,-3681.831521717075,2011325.2771958518,mint,85410.29852852075,False
62,0.6269728199660423,-3730.2718003395776,2105417.4601877183,mint,93093.18299186637,False
63,0.6118275805517299,-3881.7241944827006,2208269.8482014067,mint,101853.38801368832,False
64,0.5943957455652107,-4056.042544347893,2320961.2672008057,mint,111692.41899939899,False
65,0.5939355839937036,-4060.6441600629637,2444075.501827693,mint,122115.23462688738,False
66,0.5931225917338889,-4068.7740826611107,2577222.667976981,mint,132148.16614928812,False
67,0.5706335443786951,-4293.66455621305,2718148.5309987916,mint,139926.86302181066,False
68,0.5836843800228393,-4163.156199771607,2866371.034457459,mint,147223.5034586673,False
69,0.5818055568893973,-4181.944431106027,3022675.5905653653,mint,155305.55610790596,False
70,0.591838861645055,-4081.6113835494507,3187145.757192862,mint,163471.16662749692,False
71,0.634259370352466,-3657.4062964753393,3359158.732012647,mint,171013.97481978495,False
72,0.668058852677971,-3319.4114732202897,3539266.0986486906,mint,179108.36663604327,False
73,0.7401667377060294,-2598.332622939706,3726424.5941465087,mint,186159.495497818,False
74,0.7857528068395689,-2142.4719316043106,3921728.583952033,mint,194304.98980552432,False
75,0.8143476524578996,-1856.5234754210037,4126094.794329971,mint,203367.2103779382,False
76,0.7891407684422159,-2108.592315577841,4342098.785823139,mint,215004.99149316846,False
77,0.8372014313648434,-1627.9856863515663,4567271.599786341,mint,224173.81396320157,False
78,0.8208986905946735,-1791.0130940532654,4804814.223014973,mint,236543.62322863203,False
79,0.9002730186147614,-997.2698138523862,5050845.630351503,mint,245032.4073365301,False
80,0.9039178102091306,-960.8218979086936,5309239.874953677,mint,257395.24460217333,False
81,0.9363742573165508,-636.2574268344923,5579078.912002645,mint,268840.03704896895,False
82,0.8918275746230139,-1081.7242537698612,5865066.882575587,mint,284988.9705729415,False
83,0.9109132573173693,-890.8674268263072,6164544.223746211,mint,298478.34117062367,False
84,0.7984291854287825,-2015.708145712175,6486196.3569399305,mint,320653.13319371874,False
85,0.7649917140109961,-2350.0828598900393,6826748.273671253,mint,339552.9167313223,False
86,0.7908938004616968,-2091.0619953830324,7183359.841221936,mint,355612.56755068334,False
87,0.7661539979933197,-2338.460020066803,7560324.833081484,mint,375965.99185954774,False
88,0.7461397004262501,-2538.602995737499,7958532.738005567,mint,397208.9049240835,False
89,0.7484834968274658,-2515.1650317253416,8377475.398152319,mint,417943.6601467513,False
90,0.7672553269039784,-2327.4467309602164,8816846.295789065,mint,438371.89763674524,False
91,0.8042681298412195,-1957.3187015878045,9275944.98872229,mint,458099.69293322635,False
92,0.7614476418457296,-2385.5235815427045,9762869.223670095,mint,485925.2349478045,False
93,0.796499616826008,-2035.0038317399199,10271879.161132544,mint,508010.9374624492,False
94,0.7874703993774621,-2125.2960062253787,10808302.902946755,mint,535424.741814212,False
95,0.8131832100932188,-1868.167899067812,11369908.77262078,mint,560606.8696740244,False
96,0.8580175567379449,-1419.824432620551,11955546.485523853,mint,584638.7129030728,False
97,0.8157438126367534,-1842.5618736324657,12576351.643932713,mint,619806.1584088595,False
98,0.7711250566322071,-2288.749433677929,13234952.343832135,mint,657601.6998994212,False
99,0.7709377910462528,-2290.6220895374718,13928015.2352165,mint,692063.8913843645,False
100,0.7561618698967937,-2438.381301032063,14659376.808887366,mint,730362.5736708667,False
101,0.7889501638755781,-2110.4983612442184,15424283.240063753,mint,763907.4311763867,False
102,0.8267572015326333,-1732.4279846736667,16223217.86199556,mint,797935.6219318071,False
103,0.9207324255806482,-792.6757441935184,17048237.50638731,mint,824020.6443917489,False
104,0.9274986419013651,-725.013580986349,17914008.585430685,mint,864772.0790433771,False
105,0.926967952802023,-730.3204719797695,18823790.981907383,mint,908783.3964766957,False
106,0.9461262524213649,-538.7374757863506,19776120.612641074,mint,951330.6307336919,False
107,1.0076407865077783,76.4078650777833,20763659.066539828,mint,986539.4538987548,True
108,0.9399513193919383,-600.4868060806168,21815309.323182233,mint,1050651.2566424047,False
109,0.9397306190724748,-602.6938092752521,22920221.74121785,mint,1103913.4180356183,False
110,0.8659236131861314,-1340.7638681386857,24097962.433439095,mint,1176741.6922212443,False
111,0.7887156530377125,-2112.8434696228746,25354774.777669758,mint,1255813.344230664,False
112,0.779127455301918,-2208.7254469808204,26679514.25280715,mint,1323740.4751373946,False
113,0.7741564353692794,-2258.4356463072063,28074742.93146221,mint,1394229.6786550584,False
114,0.7873786714036882,-2126.213285963118,29539171.969456196,mint,1463430.0379939845,False
115,0.7499971191904168,-2500.028808095832,31090978.34881994,mint,1550807.3793637473,False
116,0.7276135552341911,-2723.8644476580885,32731213.876828197,mint,1639236.5280082552,False
117,0.6788123868269816,-3211.8761317301837,34473902.17528315,mint,1741689.2984549503,False
118,0.6237710670096255,-3762.289329903745,36328297.07836152,mint,1853395.9030783707,False
119,0.58797534140576,-4120.2465859424,38295392.47428981,mint,1966096.3959282963,False
120,0.6288279512706552,-3711.7204872934485,40353302.89082007,mint,2056911.4165302557,False
121,0.6565856011387899,-3434.1439886121007,42510546.08790423,mint,2156244.197084157,False
122,0.6418352616168402,-3581.647383831598,44789330.17848044,mint,2277785.0905762063,False
123,0.5840094998172621,-4159.905001827378,47216115.04604242,mint,2425785.8675619806,False
124,0.5976670606415455,-4023.329393584545,49767885.78186015,mint,2550771.735817733,False
125,0.665414082214004,-3345.85917785996,52423795.40835908,mint,2654910.6264989306,False
126,0.6719133969011833,-3280.8660309881666,55217979.62834779,mint,2793185.2199887126,False
127,0.7166252465986874,-2833.747534013126,58136351.4233702,mint,2917372.795022407,False
128,0.7520337935707861,-2479.6620642921384,61188326.4997196,mint,3050976.0763493977,False
129,0.708695388131396,-2913.0461186860402,64426986.241724476,mint,3237660.7420048825,False
130,0.6555160061854315,-3444.839938145685,67871275.20911056,mint,3443289.967386079,False
131,0.6542168999089111,-3457.831000910889,71500525.36905551,mint,3628251.1599449455,False
132,0.6367276298354136,-3632.7237016458635,75336292.29069659,mint,3834767.921641075,False
133,0.6235304371385486,-3764.6956286145137,79387724.11549424,mint,4050432.8247976406,False
134,0.6260307540529747,-3739.692459470253,83654994.99451816,mint,4266271.879023931,False
135,0.5980747161349697,-4019.2528386503036,88174974.32034306,mint,4518980.325824902,False
136,0.5880624296253347,-4119.375703746653,92947947.88325392,mint,4771974.5629108595,False
137,0.6042216896624428,-3957.7831033755715,97964212.0950424,mint,5015265.211788472,False
138,0.5658272741376927,-4341.727258623073,103288755.58981709,mint,5323544.494774697,False
139,0.6334163593171082,-3665.8364068289184,108832832.04996516,mint,5543077.46014806,False
140,0.6917987808926311,-3082.0121910736884,114610896.76763049,mint,5777065.717665326,False
141,0.6923225859645757,-3076.7741403542427,120695072.44938947,mint,6083176.681758979,False
142,0.707625477291822,-2923.74522708178,127083706.71386513,mint,6387635.264475666,False
143,0.6918985454901363,-3081.014545098637,133830437.79838885,mint,6745732.084523725,False
144,0.6341550329158733,-3658.449670841267,141012570.60942036,mint,7181133.811031501,False
145,0.6096823852828765,-3903.1761471712343,148614595.04194537,mint,7601025.432525007,False
146,0.660325705372464,-3396.7429462753594,156551129.37146494,mint,7935535.329519565,False
147,0.6708171923643719,-3291.828076356281,164895024.24308845,mint,8342895.87162352,False
148,0.6167417025817726,-3832.5829741822736,173772748.31768432,mint,8876725.074595857,False
149,0.6283764196386625,-3716.2358036133746,183108165.24255902,mint,9334417.924874691,False
150,0.6802599206612003,-3197.4007933879966,192850042.69750935,mint,9740878.45495033,False
151,0.6554052162119575,-3445.947837880425,203158095.02005345,mint,10307053.322544098,False
152,0.6134619127362938,-3865.380872637062,214102282.18566802,mint,10943188.16561457,False
153,0.6061803664067906,-3938.196335932094,225651572.11816972,mint,11548290.932501698,False
154,0.6629190208720054,-3370.8097912799462,237695778.25279185,mint,12043207.134622127,False
155,0.6199969210086174,-3800.0307899138265,250484817.44142458,mint,12788040.18863273,False
156,0.6167382635444271,-3832.617364555729,263970069.77437937,mint,13484253.332954805,False
157,0.6643217067513845,-3356.7829324861555,278055662.48800415,mint,14084593.713624785,False
158,0.7082753502938367,-2917.246497061633,292770601.51978564,mint,14713940.03178149,False
159,0.7103473709576711,-2896.526290423289,308258148.34014004,mint,15486547.820354382,False
160,0.7937420432147397,-2062.579567852603,324307861.7155375,mint,16048714.375397451,False
161,0.7857070907038529,-2142.929092961471,341219222.5532607,mint,16910361.837723225,False
162,0.788099435504441,-2119.0056449555905,359004228.13968146,mint,17784006.586420752,False
163,0.7133333490625193,-2866.6665093748065,377984583.94419754,mint,18979356.80451605,False
164,0.7590059705694421,-2409.9402943055793,397795732.42088085,mint,19810149.47668333,False
165,0.7850720766727477,-2149.279233272523,418541492.14870155,mint,20744760.727820676,False
166,0.7878579997593865,-2121.4200024061347,440357468.0494178,mint,21814976.900716245,False
167,0.7686960024554146,-2313.039975445854,463394904.8789731,mint,23036437.829555314,False
168,0.776675000133766,-2233.2499986623397,487600525.7936229,mint,24204621.91464976,False
169,0.7525111976269251,-2474.888023730749,513188307.7849555,mint,25586782.9913326,False
170,0.7391357384809882,-2608.642615190118,540187447.0635084,mint,26998140.278552912,False
171,0.7525146094881877,-2474.853905118123,568534703.4295447,mint,28346257.366036337,False
172,0.7743869784163805,-2256.130215836195,598245125.9241807,mint,29709423.494636104,False
173,0.7957498762371072,-2042.5012376289276,629380297.6304954,mint,31134172.70631465,False
174,0.7674956645054419,-2325.0433549455806,662313647.9907596,mint,32932351.360264227,False
175,0.698894153919587,-3011.0584608041304,697424594.5037862,mint,35109947.5130266,False
176,0.6562416884030066,-3437.583115969934,734694278.2397039,mint,37268684.73591771,False
177,0.7071942544605022,-2928.0574553949778,773581218.2105249,mint,38885940.97082099,False
178,0.6916530286470974,-3083.4697135290257,814646592.3783582,mint,41064375.16783329,False
179,0.6920730871364966,-3079.2691286350337,857888437.0999346,mint,43240845.721576326,False
180,0.7242868084073231,-2757.131915926769,903149169.5451641,mint,45259733.44522949,False
181,0.7156234401402745,-2843.7655985972556,950875971.5611765,mint,47725803.01601242,False
182,0.7461796561666333,-2538.2034383336672,950876970.5611765,hold,0.0,False
183,0.7360674122187477,-2639.325877812523,950877969.5611765,hold,0.0,False
184,0.7135034613840756,-2864.9653861592437,950878968.5611765,hold,0.0,False
185,0.7817257241486579,-2182.7427585134205,950879967.5611765,hold,0.0,False
186,0.8233614947729955,-1766.3850522700452,950880966.5611765,hold,0.0,False
187,0.8729658516710881,-1270.3414832891192,999633957.4267281,mint,48751991.865551546,False
188,0.8207336653876828,-1792.6633461231722,999634956.4267281,hold,0.0,False
189,0.792043008703651,-2079.5699129634904,999635955.4267281,hold,0.0,False
190,0.7916938347118305,-2083.061652881695,999636954.4267281,hold,0.0,False
191,0.7794585030174899,-2205.4149698251013,999637953.4267281,hold,0.0,False
192,0.8107854489040728,-1892.145510959272,999638952.4267281,hold,0.0,False
193,0.8356701302842743,-1643.2986971572573,999639951.4267281,hold,0.0,False
194,0.8924071510393757,-1075.9284896062427,999640950.4267281,hold,0.0,False
195,0.8730729980948972,-1269.2700190510275,999641949.4267281,hold,0.0,False
196,0.8819706040850115,-1180.293959149885,999642948.4267281,hold,0.0,False
197,0.9328759337437451,-671.2406625625489,999643947.4267281,hold,0.0,False
198,0.9106090373606122,-893.9096263938784,999644946.4267281,hold,0.0,False
199,0.880366461723815,-1196.3353827618496,999645945.4267281,hold,0.0,False
200,0.9402362832765274,-597.6371672347258,999646944.4267281,hold,0.0,False
201,0.8444696479840144,-1555.3035201598564,999647943.4267281,hold,0.0,False
202,0.910761878347685,-892.3812165231504,999648942.4267281,hold,0.0,False
203,0.896994608618512,-1030.0539138148802,999649941.4267281,hold,0.0,False
204,0.8967899669682948,-1032.1003303170517,999650940.4267281,hold,0.0,False
205,0.9537871673527729,-462.1283264722709,999651939.4267281,hold,0.0,True
206,0.990549134050881,-94.50865949119036,999652938.4267281,hold,0.0,True
207,0.918951748730504,-810.48251269496,999653937.4267281,hold,0.0,False
208,0.8801656940882492,-1198.3430591175081,999654936.4267281,hold,0.0,False
209,0.8832309883788169,-1167.6901162118313,999655935.4267281,hold,0.0,False
210,0.9266640624078073,-733.359375921927,999656934.4267281,hold,0.0,False
211,0.9486087363667685,-513.9126363323154,999657933.4267281,hold,0.0,False
212,0.951186608019724,-488.1339198027601,999658932.4267281,hold,0.0,True
213,0.930643726139302,-693.5627386069798,999659931.4267281,hold,0.0,False
214,1.01719205740996,171.92057409959995,999660930.4267281,hold,0.0,True
215,1.0115501032181875,115.50103218187502,999661929.4267281,hold,0.0,True
216,1.0609293831014284,609.2938310142837,999662928.4267281,hold,0.0,False
217,1.0525626840148863,525.6268401488628,999663927.4267281,hold,0.0,False
218,0.9812485120821023,-187.51487917897714,999664926.4267281,hold,0.0,True
219,0.887406490886152,-1125.9350911384802,999665925.4267281,hold,0.0,False
220,0.9034896890030146,-965.1031099698537,999666924.4267281,hold,0.0,False
221,0.9370074857558118,-629.9251424418817,999667923.4267281,hold,0.0,False
222,1.0061894950524843,61.894950524843395,999668922.4267281,hold,0.0,True
223,1.002486158481039,24.86158481038947,999669921.4267281,hold,0.0,True
224,0.9883400167015519,-116.59983298448084,999670920.4267281,hold,0.0,True
225,1.002941629772719,29.416297727189455,999671919.4267281,hold,0.0,True
226,0.9479129370804887,-520.8706291951127,999672918.4267281,hold,0.0,False
227,0.9609768436842736,-390.2315631572639,999673917.4267281,hold,0.0,True
228,0.9743691628046839,-256.30837195316116,999674916.4267281,hold,0.0,True
229,0.9690769417804415,-309.2305821955854,999675915.4267281,hold,0.0,True
230,0.9663884820953452,-336.1151790465477,999676914.4267281,hold,0.0,True
231,1.0396520030679686,396.52003067968565,999677913.4267281,hold,0.0,True
232,1.0558944073554213,558.9440735542129,999678912.4267281,hold,0.0,False
233,1.0393684082116517,393.6840821165166,999679911.4267281,hold,0.0,True
234,0.9562644873023931,-437.35512697606896,999680910.4267281,hold,0.0,True
235,0.8908277810441053,-1091.7221895589469,999681909.4267281,hold,0.0,False
236,0.9146793300864804,-853.2066991351961,999682908.4267281,hold,0.0,False
237,0.8768164957461875,-1231.8350425381252,999683907.4267281,hold,0.0,False
238,0.8634948282733655,-1365.0517172663447,999684906.4267281,hold,0.0,False
239,0.8684539424618947,-1315.4605753810533,999685905.4267281,hold,0.0,False
240,0.9358139595612718,-641.8604043872822,999686904.4267281,hold,0.0,False
241,0.9838483471116569,-161.51652888343082,999687903.4267281,hold,0.0,True
242,0.9920186238438073,-79.81376156192654,999688902.4267281,hold,0.0,True
243,1.0658766510557145,658.766510557145,999689901.4267281,hold,0.0,False
244,1.1126593185953146,1126.5931859531463,999690900.4267281,hold,0.0,False
245,1.016365714184777,163.6571418477706,999691899.4267281,hold,0.0,True
246,1.0897645355766457,897.6453557664565,999692898.4267281,hold,0.0,False
247,1.100669505194817,1006.6950519481699,999693897.4267281,hold,0.0,False
248,0.9811992143501852,-188.007856498148,999694896.4267281,hold,0.0,True
249,1.0293538900949373,293.53890094937276,999695895.4267281,hold,0.0,True
250,1.0463742853384534,463.74285338453444,999696894.4267281,hold,0.0,True
251,1.0456042449704255,456.0424497042548,999697893.4267281,hold,0.0,True
252,1.0872404898708243,872.4048987082433,999698892.4267281,hold,0.0,False
253,1.0869034920880345,869.034920880345,999699891.4267281,hold,0.0,False
254,1.1088110823049093,1088.1108230490931,999700890.4267281,hold,0.0,False
255,1.101996811362668,1019.9681136266792,999701889.4267281,hold,0.0,False
256,1.0978475919914628,978.4759199146275,999702888.4267281,hold,0.0,False
257,1.037397254395842,373.9725439584207,999703887.4267281,hold,0.0,True
258,1.0626928002182248,626.9280021822476,999704886.4267281,hold,0.0,False
259,1.1718894061664111,1718.8940616641114,999705885.4267281,hold,0.0,False
260,1.1531766756873152,1531.766756873152,999706884.4267281,hold,0.0,False
261,1.10615595016927,1061.5595016926993,999707883.4267281,hold,0.0,False
262,1.0752374813874228,752.3748138742282,999708882.4267281,hold,0.0,False
263,0.998138176195457,-18.61823804543028,999709881.4267281,hold,0.0,True
264,0.988579365018338,-114.20634981662015,999710880.4267281,hold,0.0,True
265,0.9835401058027747,-164.59894197225267,999711879.4267281,hold,0.0,True
266,0.9856121337634929,-143.8786623650712,999712878.4267281,hold,0.0,True
267,1.0275673884295708,275.6738842957085,999713877.4267281,hold,0.0,True
268,0.9956941119174556,-43.05888082544396,999714876.4267281,hold,0.0,True
269,0.9684479463868346,-315.5205361316538,999715875.4267281,hold,0.0,True
270,0.9089826267432161,-910.1737325678394,999716874.4267281,hold,0.0,False
271,0.8805076468782971,-1194.9235312170292,999717873.4267281,hold,0.0,False
272,0.7839982830046563,-2160.0171699534367,999718872.4267281,hold,0.0,False
273,0.8173731719332351,-1826.268280667649,999719871.4267281,hold,0.0,False
274,0.776997559135972,-2230.02440864028,999720870.4267281,hold,0.0,False
275,0.7392250447156581,-2607.749552843419,999721869.4267281,hold,0.0,False
276,0.7421628156656046,-2578.371843343954,999722868.4267281,hold,0.0,False
277,0.7120864505902279,-2879.1354940977208,999723867.4267281,hold,0.0,False
278,0.6798808496184212,-3201.1915038157877,999724866.4267281,hold,0.0,False
279,0.6438042425906206,-3561.9575740937935,999725865.4267281,hold,0.0,False
280,0.6227398257673317,-3772.6017423266835,999726864.4267281,hold,0.0,False
281,0.629534625089076,-3704.6537491092404,999727863.4267281,hold,0.0,False
282,0.658196207258898,-3418.0379274110196,999728862.4267281,hold,0.0,False
283,0.6294338847245218,-3705.661152754782,999729861.4267281,hold,0.0,False
284,0.6293301565277524,-3706.698434722476,999730860.4267281,hold,0.0,False
285,0.6154690163783992,-3845.3098362160076,999731859.4267281,hold,0.0,False
286,0.6641537905954886,-3358.4620940451136,999732858.4267281,hold,0.0,False
287,0.7105028233905953,-2894.9717660940464,999733857.4267281,hold,0.0,False
288,0.6639773474803482,-3360.226525196518,999734856.4267281,hold,0.0,False
289,0.6648966550465378,-3351.0334495346215,999735855.4267281,hold,0.0,False
290,0.6691308990789256,-3308.6910092107437,999736854.4267281,hold,0.0,False
291,0.6538041245209998,-3461.9587547900023,999737853.4267281,hold,0.0,False
292,0.6333402865349341,-3666.5971346506585,999738852.4267281,hold,0.0,False
293,0.607101512387174,-3928.9848761282597,999739851.4267281,hold,0.0,False
294,0.5905528601161107,-4094.4713988388926,999740850.4267281,hold,0.0,False
295,0.5166522704310882,-4833.477295689118,999741849.4267281,hold,0.0,False
296,0.534338367824409,-4656.61632175591,999742848.4267281,hold,0.0,False
297,0.5447647325637387,-4552.3526743626135,999743847.4267281,hold,0.0,False
298,0.5424519656923942,-4575.4803430760585,999744846.4267281,hold,0.0,False
299,0.5228151558057529,-4771.848441942471,999745845.4267281,hold,0.0,False
300,0.5088931031215311,-4911.068968784689,999746844.4267281,hold,0.0,False
301,0.5608846883548428,-4391.153116451572,999747843.4267281,hold,0.0,False
302,0.6063054713077514,-3936.9452869224865,999748842.4267281,hold,0.0,False
303,0.5891907713103788,-4108.0922868962125,999749841.4267281,hold,0.0,False
304,0.5596709372111862,-4403.290627888138,999750840.4267281,hold,0.0,False
305,0.5468371431836959,-4531.628568163041,999751839.4267281,hold,0.0,False
306,0.5384509472050593,-4615.490527949408,999752838.4267281,hold,0.0,False
307,0.5077823500670577,-4922.176499329423,999753837.4267281,hold,0.0,False
308,0.5145801000672588,-4854.198999327412,999754836.4267281,hold,0.0,False
309,0.5107580202245758,-4892.419797754242,999755835.4267281,hold,0.0,False
310,0.5003523435636248,-4996.476564363752,999756834.4267281,hold,0.0,False
311,0.4852925216017395,-5147.0747839826045,999757833.4267281,hold,0.0,False
312,0.5037397301400434,-4962.602698599567,999758832.4267281,hold,0.0,False
313,0.48552099843035684,-5144.790015696432,999759831.4267281,hold,0.0,False
314,0.5446052158830442,-4553.947841169558,999760830.4267281,hold,0.0,False
315,0.5492269885613988,-4507.730114386011,999761829.4267281,hold,0.0,False
316,0.5516818662118022,-4483.181337881979,999762828.4267281,hold,0.0,False
317,0.5651441196370667,-4348.558803629333,999763827.4267281,hold,0.0,False
318,0.6097942942405561,-3902.057057594439,999764826.4267281,hold,0.0,False
319,0.5916676694012728,-4083.323305987272,999765825.4267281,hold,0.0,False
320,0.6090724175692683,-3909.2758243073167,999766824.4267281,hold,0.0,False
321,0.6256234474634592,-3743.765525365408,999767823.4267281,hold,0.0,False
322,0.6579969873760715,-3420.030126239285,999768822.4267281,hold,0.0,False
323,0.6491073388926296,-3508.926611073704,999769821.4267281,hold,0.0,False
324,0.6798625943273787,-3201.374056726213,999770820.4267281,hold,0.0,False
325,0.6568691987802239,-3431.3080121977614,999771819.4267281,hold,0.0,False
326,0.5836174478083345,-4163.825521916655,999772818.4267281,hold,0.0,False
327,0.5375043176975127,-4624.956823024872,999773817.4267281,hold,0.0,False
328,0.5379357567892586,-4620.642432107414,999774816.4267281,hold,0.0,False
329,0.5619387412754695,-4380.612587245305,999775815.4267281,hold,0.0,False
330,0.5646253829256337,-4353.746170743663,999776814.4267281,hold,0.0,False
331,0.5692890299322709,-4307.109700677291,999777813.4267281,hold,0.0,False
332,0.5854835003073566,-4145.164996926434,999778812.4267281,hold,0.0,False
333,0.6003951244339782,-3996.0487556602175,999779811.4267281,hold,0.0,False
334,0.6378395785607642,-3621.604214392358,999780810.4267281,hold,0.0,False
335,0.6222955867282403,-3777.044132717597,999781809.4267281,hold,0.0,False
336,0.6348603743030534,-3651.396256969466,999782808.4267281,hold,0.0,False
337,0.6827850733300598,-3172.1492666994022,999783807.4267281,hold,0.0,False
338,0.6965102304270622,-3034.8976957293785,999784806.4267281,hold,0.0,False
339,0.7413297918582992,-2586.7020814170082,999785805.4267281,hold,0.0,False
340,0.7248486384329681,-2751.5136156703193,999786804.4267281,hold,0.0,False
341,0.7597809179916687,-2402.190820083313,999787803.4267281,hold,0.0,False
342,0.796765436551392,-2032.3456344860801,999788802.4267281,hold,0.0,False
343,0.7317406890212451,-2682.5931097875487,999789801.4267281,hold,0.0,False
344,0.7420203403101985,-2579.796596898015,999790800.4267281,hold,0.0,False
345,0.7483495587599994,-2516.5044124000055,999791799.4267281,hold,0.0,False
346,0.779614308618513,-2203.85691381487,999792798.4267281,hold,0.0,False
347,0.786651529989436,-2133.48470010564,999793797.4267281,hold,0.0,False
348,0.8906300115252892,-1093.699884747108,999794796.4267281,hold,0.0,False
349,0.9699924317311261,-300.07568268873854,999795795.4267281,hold,0.0,True
350,0.9986205273877716,-13.794726122283718,999796794.4267281,hold,0.0,True
351,1.0111154637838862,111.1546378388617,999797793.4267281,hold,0.0,True
352,0.9534942974226159,-465.0570257738407,999798792.4267281,hold,0.0,True
353,0.962260883794242,-377.39116205757983,999799791.4267281,hold,0.0,True
354,0.9670767802462679,-329.2321975373214,999800790.4267281,hold,0.0,True
355,1.0898322410816748,898.3224108167476,999801789.4267281,hold,0.0,False
356,1.1183832665524152,1183.8326655241515,999802788.4267281,hold,0.0,False
357,1.0105150029425085,105.15002942508511,999803787.4267281,hold,0.0,True
358,0.9810685653699209,-189.3143463007907,999804786.4267281,hold,0.0,True
359,1.0326621502231754,326.6215022317542,999805785.4267281,hold,0.0,True
360,1.0198897845482222,198.89784548222212,999806784.4267281,hold,0.0,True
361,1.0627520423565207,627.5204235652066,999807783.4267281,hold,0.0,False
362,1.0607066846532809,607.0668465328089,999808782.4267281,hold,0.0,False
363,1.0505816298986437,505.8162989864368,999809781.4267281,hold,0.0,False
364,1.0670218746252385,670.2187462523846,999810780.4267281,hold,0.0,False
365,1.0286996017416272,286.99601741627225,999811779.4267281,hold,0.0,True
366,1.075293912999775,752.9391299977494,999812778.4267281,hold,0.0,False
367,1.099240645237135,992.4064523713505,999813777.4267281,hold,0.0,False
368,1.100021759528753,1000.2175952875292,999814776.4267281,hold,0.0,False
369,1.1060637911286817,1060.637911286817,999815775.4267281,hold,0.0,False
370,1.1685370107284367,1685.3701072843674,999816774.4267281,hold,0.0,False
371,1.117655132122951,1176.551321229511,999817773.4267281,hold,0.0,False
372,1.0275742978620068,275.74297862006824,999818772.4267281,hold,0.0,True
373,1.0045552391818395,45.55239181839532,999819771.4267281,hold,0.0,True
374,0.8978665467266179,-1021.3345327338208,999820770.4267281,hold,0.0,False
375,0.9114739686123678,-885.2603138763216,999821769.4267281,hold,0.0,False
376,0.9646357256544407,-353.64274345559335,999822768.4267281,hold,0.0,True
377,1.0818316220024364,818.3162200243644,999823767.4267281,hold,0.0,False
378,1.1872957408209512,1872.9574082095123,999824766.4267281,hold,0.0,False
379,1.1661302892281216,1661.3028922812157,999825765.4267281,hold,0.0,False
380,1.1800245136816048,1800.2451368160478,999826764.4267281,hold,0.0,False
381,1.1311326738647118,1311.3267386471184,999827763.4267281,hold,0.0,False
382,1.1832572310296188,1832.5723102961877,999828762.4267281,hold,0.0,False
383,1.2555662783890758,2555.6627838907575,999829761.4267281,hold,0.0,False
384,1.1190659111203787,1190.6591112037868,999830760.4267281,hold,0.0,False
385,1.262942668746623,2629.42668746623,999831759.4267281,hold,0.0,False
386,1.272351930533156,2723.519305331561,999832758.4267281,hold,0.0,False
387,1.2814629534065263,2814.6295340652628,999833757.4267281,hold,0.0,False
388,1.344145264114505,3441.4526411450506,999834756.4267281,hold,0.0,False
389,1.3450189925763307,3450.189925763307,999835755.4267281,hold,0.0,False
390,1.3491595407807286,3491.5954078072864,999836754.4267281,hold,0.0,False
391,1.2349352300461787,2349.352300461787,999837753.4267281,hold,0.0,False
392,1.1793302407595418,1793.3024075954186,999838752.4267281,hold,0.0,False
393,1.2199486295454196,2199.486295454196,999839751.4267281,hold,0.0,False
394,1.2484211661699862,2484.2116616998624,999840750.4267281,hold,0.0,False
395,1.3337738645692954,3337.7386456929535,999841749.4267281,hold,0.0,False
396,1.3976785600165869,3976.7856001658683,999842748.4267281,hold,0.0,False
397,1.4679190471602137,4679.190471602137,999843747.4267281,hold,0.0,False
398,1.4306752042990332,4306.752042990332,999844746.4267281,hold,0.0,False
399,1.3966587163778952,3966.587163778952,999845745.4267281,hold,0.0,False
400,1.4675871176246027,4675.871176246027,999846744.4267281,hold,0.0,False
401,1.4406588606650856,4406.5886066508565,999847743.4267281,hold,0.0,False
402,1.4746869811278336,4746.869811278336,999848742.4267281,hold,0.0,False
403,1.4869574937949877,4869.574937949877,999849741.4267281,hold,0.0,False
404,1.414395469308393,4143.9546930839315,998966703.2600898,burn,-884037.1666383705,False
405,1.4098487050404556,4098.487050404556,996082740.4618895,burn,-2884961.798200219,False
406,1.3151980499024851,3151.9804990248513,992580088.5451255,burn,-3503650.91676405,False
407,1.2629647900081058,2629.647900081058,988303145.8244541,burn,-4277941.720671399,False
408,1.3653134373286158,3653.134373286158,981227919.3910308,burn,-7076225.433423317,False
409,1.294010301704671,2940.1030170467093,973460542.090285,burn,-7768376.300745892,False
410,1.2796212487756913,2796.2124877569127,964533729.5655425,burn,-8927811.524742467,False
411,1.340414677402398,3404.1467740239796,953460706.4009402,burn,-11074022.164602231,False
412,1.376577216055402,3765.7721605540196,940374761.5422318,burn,-13086943.858708426,False
413,1.3242921028761638,3242.9210287616384,926435326.2882878,burn,-13940434.25394408,False
414,1.3240702263648065,3240.702263648065,911203438.9609123,burn,-15232886.327375459,False
415,1.2869057691549821,2869.0576915498214,895253497.6994157,burn,-15950940.261496656,False
416,1.3071232989861803,3071.2329898618027,878027001.6510012,burn,-17227495.048414413,False
417,1.3666873519700573,3666.873519700573,858999202.1564,burn,-19028798.494601212,False
418,1.3040557726589794,3040.557726589794,839615863.844427,burn,-19384337.311973024,False
419,1.484065149620025,4840.65149620025,817126402.4057555,burn,-22490460.43867143,False
420,1.4680605809324456,4680.6058093244565,793457811.6026365,burn,-23669589.803119063,False
421,1.4373263773407685,4373.263773407685,768983688.4505764,burn,-24475122.15206008,False
422,1.541886683142422,5418.86683142422,742376936.0817872,burn,-26607751.368789222,False
423,1.5245400028406615,5245.400028406615,714872554.7826838,burn,-27505380.299103435,False
424,1.6165911313875672,6165.911313875672,685525253.8332956,burn,-29348299.949388254,False
425,1.6603200728533218,6603.200728533218,654819670.4137408,burn,-30706582.41955485,False
426,1.6713559036900107,6713.5590369001075,623219125.4122287,burn,-31601544.001512066,False
427,1.6671935061471073,6671.935061471073,591090522.2313262,burn,-32129602.18090252,False
428,1.5739044491151866,5739.044491151865,559473560.8536729,burn,-31617960.377653416,False
429,1.5962191145610383,5962.191145610383,528165193.50026435,burn,-31309366.353408527,False
430,1.573822882118326,5738.22882118326,498727200.08956206,burn,-29438992.41070227,False
431,1.6032994129460634,6032.994129460633,470783020.8147413,burn,-27945178.27482077,False
432,1.519220120330346,5192.201203303459,444800468.6068351,burn,-25983551.207906205,False
433,1.4397715417985402,4397.7154179854015,420605338.29777396,burn,-24196129.309061166,False
434,1.3115917997462576,3115.9179974625763,398265498.63945436,burn,-22340838.658319566,False
435,1.2593280513483622,2593.280513483622,377320408.5506671,burn,-20946089.088787254,False
436,1.0656578272364157,656.5782723641566,358207646.7411598,burn,-19113760.80950729,False
437,1.0987896599009324,987.8965990093236,339944391.2881471,burn,-18264254.453012716,False
438,1.0125223256041087,125.22325604108708,322905601.78018975,burn,-17039788.50795736,True
439,1.0087540501673553,87.5405016735531,306733053.3728072,burn,-16173547.407382527,True
440,1.040059324778861,400.5932477886098,291274524.5141121,burn,-15459527.85869509,True
441,1.0598307407888428,598.3074078884276,276537525.58266056,burn,-14737997.93145158,False
442,1.0921866179258057,921.8661792580574,262456717.71139717,burn,-14081806.871263394,False
443,1.137726548805314,1377.2654880531409,248973408.2464157,burn,-13484308.464981472,False
444,1.16384761714635,1638.476171463501,236117799.8373551,burn,-12856607.409060594,False
445,1.1888481241773559,1888.4812417735586,223867004.80964565,burn,-12251794.027709445,False
446,1.2011935800422857,2011.935800422857,212224247.5276534,burn,-11643756.281992245,False
447,1.1362656712422292,1362.6567124222922,201324845.3558384,burn,-10900401.171814997,False
448,1.1960987429328782,1960.9874293287821,190864806.5970921,burn,-10461037.758746281,False
449,1.1937331494426553,1937.331494426553,180952796.8662393,burn,-9913008.730852785,False
450,1.2344096481337548,2344.0964813375476,171481985.208505,burn,-9471810.657734307,False
451,1.2923209772729765,2923.2097727297646,162407607.13307115,burn,-9075377.075433854,False
452,1.2589762058986542,2589.7620589865423,153867628.71737358,burn,-8540977.415697578,False
453,1.2316251853041535,2316.2518530415355,145818850.10136518,burn,-8049777.616008404,False
454,1.2125859766112566,2125.8597661125655,138218916.16972563,burn,-7600932.93163955,False
455,1.2887215900069633,2887.215900069633,130909901.50878373,burn,-7310013.660941905,False
456,1.2310766027595554,2310.7660275955545,124062903.28026216,burn,-6847997.228521564,False
457,1.3201436336664756,3201.436336664756,117463577.6296555,burn,-6600324.650606664,False
458,1.3331176605104003,3331.1766051040026,111200105.826421,burn,-6264470.803234501,False
459,1.3509181317941155,3509.1813179411547,105250878.20118079,burn,-5950226.625240206,False
460,1.4110090504146215,4110.090504146216,99556742.65607402,burn,-5695134.545106763,False
461,1.4168142230932137,4168.142230932137,94164937.8598315,burn,-5392803.796242526,False
462,1.492293610584178,4922.93610584178,88994121.99434541,burn,-5171814.865486087,False
463,1.453696298138489,4536.9629813848915,84141651.85757895,burn,-4853469.136766466,False
464,1.5561344559679258,5561.344559679258,79467627.54689942,burn,-4675023.3106795205,False
465,1.5214713647793094,5214.713647793094,75080844.2476279,burn,-4387782.299271526,False
466,1.632035507976776,6320.355079767761,70853263.43991275,burn,-4228579.807715142,False
467,1.5977475177025668,5977.475177025668,66888075.64449377,burn,-3966186.7954189763,False
468,1.5752364847358837,5752.364847358837,63159906.24722422,burn,-3729168.397269554,False
469,1.4961485261559575,4961.485261559575,59689542.99089592,burn,-3471362.2563282987,False
470,1.4387115663851238,4387.1156638512375,56444199.91232764,burn,-3246342.0785682774,False
471,1.4362164889520173,4362.164889520172,53376770.00963664,burn,-3068428.9026909955,False
472,1.4530356419932393,4530.356419932393,50467114.7164664,burn,-2910654.2931702444,False
473,1.5245484184031768,5245.484184031768,47680033.52858414,burn,-2788080.1878822614,False
474,1.5082366007021806,5082.366007021806,45054703.47053559,burn,-2626329.058048543,False
475,1.4235700784354504,4235.700784354503,42612129.0541798,burn,-2443573.416355787,False
476,1.4507894320539358,4507.894320539359,40290430.626921386,burn,-2322697.4272584175,False
477,1.4628637872848131,4628.637872848131,38090418.28246219,burn,-2201011.344459198,False
478,1.498883243340821,4988.83243340821,35996869.65420944,burn,-2094547.6282527419,False
479,1.4510883545406843,4510.883545406843,34035647.48448964,burn,-1962221.1697198006,False
480,1.4125621796556993,4125.621796556993,32194445.90114322,burn,-1842200.583346423,False
481,1.3675447321640704,3675.4473216407036,30467393.616126996,burn,-1728051.2850162245,False
482,1.4488463968426766,4488.463968426766,28808271.136862785,burn,-1660121.4792642116,False
483,1.5517510199126674,5517.510199126674,27209906.6502028,burn,-1599363.4866599864,False
484,1.5074682127408112,5074.682127408112,25712328.690726433,burn,-1498576.9594763673,False
485,1.465845278460985,4658.45278460985,24307931.587001994,burn,-1405396.10372444,False
486,1.512234284293217,5122.34284293217,22969020.44826073,burn,-1339910.1387412644,False
487,1.6292438053218867,6292.438053218867,21677037.287533894,burn,-1292982.1607268346,False
488,1.7755399340222249,7755.399340222249,20426070.342479486,burn,-1251965.9450544082,False
489,1.721138394468614,7211.38394468614,19258465.589634724,burn,-1168603.7528447607,False
490,1.6877739924485542,6877.739924485542,18164086.592482828,burn,-1095377.997151898,False
491,1.7118978010388861,7118.978010388862,17127571.529828,burn,-1037514.0626548259,False
492,1.7405255932049517,7405.2559320495175,16145357.90266374,burn,-983212.6271642614,False
493,1.725126534299949,7251.265342999491,15222014.733320644,burn,-924342.1693430955,False
494,1.6562683463593582,6562.683463593582,14362015.73228167,burn,-860998.0010389735,False
495,1.6535249885302794,6535.249885302794,13551054.584000476,burn,-811960.1482811943,False
496,1.801892302064788,8018.923020647879,12765835.991242755,burn,-786217.5927577213,False
497,1.7552583113050362,7552.583113050362,12032128.154349187,burn,-734706.8368935684,False
498,1.7748985944092417,7748.9859440924165,11338283.954686157,burn,-694843.1996630299,False
499,1.999151034951753,9991.51034951753,10659082.175472835,burn,-680200.7792133231,False
500,1.9460866921113915,9460.866921113915,10026282.908735827,burn,-633798.2667370078,False
501,2.01243768978268,10124.376897826802,9424457.896246754,burn,-602824.012489072,False
502,2.1982568609981286,11982.568609981285,8841304.78808076,burn,-584152.1081659943,False
503,2.2631774127006814,12631.774127006815,8288557.183605662,burn,-553746.6044750981,False
504,2.3886370577484617,13886.370577484617,7760030.347821158,burn,-529525.8357845035,False
505,2.486628764909977,14866.287649099771,7257664.987113647,burn,-503364.36070751096,False
506,2.5496988747821394,15496.988747821395,6783308.785117207,burn,-475355.20199643984,False
507,2.7259033359930593,17259.033359930592,6328068.993248299,burn,-456238.7918689085,False
508,2.814319358326674,18143.19358326674,5897853.162833112,burn,-431214.8304151867,False
509,2.790803175898568,17908.031758985682,5498340.562941607,burn,-400511.59989150515,False
510,2.811275627000863,18112.75627000863,5124832.432288463,burn,-374507.13065314374,False
511,2.86309774137887,18630.9774137887,4774109.173378622,burn,-351722.25890984136,False
512,2.8067893681203144,18067.893681203146,4450144.61774263,burn,-324963.55563599267,False
513,2.8336081097391124,18336.081097391125,4147038.1742494507,burn,-304105.443493179,False
514,2.84018725871129,18401.8725871129,3864371.9974405463,burn,-283665.1768089042,False
515,2.931852056060119,19318.520560601188,3597498.4476821525,burn,-267872.549758394,False
516,3.248969196475363,22489.691964753627,3337715.893365994,burn,-260781.5543161586,False
517,3.2894811917993527,22894.811917993527,3095412.721083382,burn,-243302.1722826119,False
518,3.548931336535561,25489.313365355607,2862741.1401864104,burn,-233670.58089697154,False
519,3.6568004851707423,26568.004851707425,2644545.762675435,burn,-219194.37751097552,False
520,3.690920101775515,26909.20101775515,2442154.8610131773,burn,-203389.90166225765,False
521,3.6085325616728725,26085.325616728725,2257341.713206513,burn,-185812.1478066645,False
522,3.6435515646362924,26435.515646362925,2085799.6353675288,burn,-172541.0778389841,False
523,3.6677756578506435,26677.756578506436,1926864.1986552798,burn,-159934.43671224886,False
524,3.539381353721221,25393.81353721221,1782589.5585503338,burn,-145273.64010494598,False
525,3.440469475500197,24404.694755001972,1650955.5265729425,burn,-132633.0319773913,False
526,3.505358772597981,25053.58772597981,1528044.391127609,burn,-123910.13544533352,False
527,3.779744942077458,27797.449420774577,1410165.4348961604,burn,-118877.95623144845,False
528,3.767318981240913,27673.189812409128,1301632.3874045725,burn,-109532.04749158793,False
529,3.4945624686339722,24945.62468633972,1205079.735018565,burn,-97551.65238600744,False
530,3.1103692300433043,21103.692300433042,1120393.1163423175,burn,-85685.61867624744,False
531,2.951548673487614,19515.48673487614,1043507.4435253766,burn,-77884.67281694092,False
532,3.0560861001067545,20560.861001067544,970875.6598492032,burn,-73630.78367617345,False
533,2.8604500762725715,18604.500762725715,905268.2199025668,burn,-66606.43994663648,False
534,2.9852311078337466,19852.311078337465,843032.1425965999,burn,-63235.07730596691,False
535,3.0822811469733633,20822.81146973363,784325.2360985553,burn,-59705.9064980446,False
536,3.0669967522152635,20669.967522152634,729895.9971366656,burn,-55428.238961889605,False
537,2.833057714982823,18330.57714982823,681020.7823929678,burn,-49874.21474369774,False
538,2.7350469402110265,17350.469402110266,636152.713026209,burn,-45867.06936675878,False
539,2.7020573431156003,17020.573431156005,594516.3934094069,burn,-42635.31961680215,False
540,2.749621036582347,17496.210365823466,555387.7898539149,burn,-40127.603555491994,False
541,2.5775580801390365,15775.580801390366,519855.8354062731,burn,-36530.954447641794,False
542,2.763627436191425,17636.27436191425,485693.72349409224,burn,-35161.11191218082,False
543,2.8109856947078065,18109.856947078064,453612.1934668159,burn,-33080.53002727631,False
544,2.875182032960458,18751.82032960458,423424.52944226755,burn,-31186.66402454836,False
545,2.967579279527754,19675.79279527754,394921.0896644102,burn,-29502.439777857326,False
546,3.164797554915398,21647.97554915398,367624.7930882893,burn,-28295.296576120913,False
547,3.1958950407834146,21958.950407834145,342169.89883375884,burn,-26453.894254530504,False
548,3.309190120422111,23091.90120422111,318159.0503931434,burn,-25009.848440615435,False
549,3.1972745842469057,21972.745842469056,296259.26992171636,burn,-22898.780471427013,False
550,3.485179637941324,24851.796379413237,275082.73137402243,burn,-22175.53854769394,False
551,3.507502982860197,25075.029828601968,255429.8871107844,burn,-20651.84426323804,False
552,3.388063446856446,23880.634468564458,237557.56498880585,burn,-18871.32212197855,False
553,3.3124785578230505,23124.785578230505,221185.21898651286,burn,-17371.346002292987,False
554,2.9995254000535323,19995.254000535322,206702.30340238786,burn,-15481.915584124998,False
555,2.931690185393916,19316.901853939158,193373.3401244614,burn,-14327.963277926472,False
556,2.5763870237710496,15763.870237710496,181655.36087708367,burn,-12716.979247377734,False
557,2.677613290372311,16776.13290372311,170524.11835648175,burn,-12130.242520601923,False
558,2.734573831468552,17345.73831468552,160039.04570530367,burn,-11484.072651178081,False
559,2.602360448635775,16023.604486357752,150471.69104928256,burn,-10566.354656021102,False
560,2.596152341327042,15961.523413270423,141545.34907710092,burn,-9925.341972181644,False
561,2.595684704312307,15956.84704312307,133208.4641383571,burn,-9335.884938743808,False
562,2.4453472290246787,14453.472290246787,125621.71608618918,burn,-8585.748052167932,False
563,2.418330522515274,14183.305225152739,118557.89913972182,burn,-8062.816946467359,False
564,2.4215814647684692,14215.814647684692,111943.60706354654,burn,-7613.292076175273,False
565,2.391653456367376,13916.534563673762,105787.55963348705,burn,-7155.047430059488,False
566,2.3100999571717744,13100.999571717744,100111.25887836132,burn,-6675.300755125732,False
567,2.1944078400737426,11944.078400737426,94908.95920960358,burn,-6201.299668757734,False
568,2.1635654057459446,11635.654057459446,90058.18343280692,burn,-5849.775776796656,False
569,2.101776250606796,11017.762506067958,85562.034584376,burn,-5495.1488484309175,False
570,2.1619482951748337,11619.482951748336,81288.74625298714,burn,-5272.288331388859,False
571,2.3132150001983707,13132.150001983708,77155.81293107037,burn,-5131.933321916776,False
572,2.4201588254484947,14201.588254484946,73201.28719782972,burn,-4953.525733240645,False
573,2.427374573749848,14273.74573749848,69495.36627681881,burn,-4704.92092101091,False
574,2.3488566794985397,13488.566794985398,66082.20507301102,burn,-4412.161203807787,False
575,2.4539907082137367,14539.907082137366,62816.26569781614,burn,-4264.939375194878,False
576,2.531925993186083,15319.25993186083,59712.153710751656,burn,-4103.111987064485,False
577,2.6987032070885153,16987.032070885154,56711.21375510791,burn,-3999.9399556437456,False
578,2.7253663414336553,17253.66341433655,53896.17687340338,burn,-3814.0368817045205,False
579,2.9619232073883417,19619.232073883417,51142.966427758845,burn,-3752.2104456445386,False
580,2.9912330345148628,19912.330345148628,48566.44246403052,burn,-3575.523963728322,False
581,2.8938058819304,18938.058819304,46217.366196800846,burn,-3348.0762672296796,False
582,2.82379229829194,18237.9229829194,44062.589121790166,burn,-3153.777075010679,False
583,2.8976112395113574,18976.112395113574,42022.32302210586,burn,-3039.2660996843074,False
584,2.8144932605353503,18144.932605353504,40157.714651844064,burn,-2863.6083702617993,False
585,3.0576011910119663,20576.01191011966,38322.54330429233,burn,-2834.1713475517336,False
586,3.124306379615068,21243.06379615068,36591.32790683389,burn,-2730.2153974584458,False
587,3.1302431050794914,21302.431050794916,34981.27727169984,burn,-2609.0506351340514,False
588,3.14902946672216,21490.294667221602,33479.45545171024,burn,-2500.8218199896032,False
589,3.1085051517027082,21085.05151702708,32098.566636163403,burn,-2379.8888155468353,False
590,2.849165042217829,18491.65042217829,30899.082831066306,burn,-2198.4838050970993,False
591,2.780331143355015,17803.31143355015,29803.022694860454,burn,-2095.060136205851,False
592,2.9991413642152067,19991.413642152067,28716.06700563803,burn,-2085.9556892224236,False
593,3.032799500881034,20327.99500881034,27695.523588592856,burn,-2019.5434170451747,False
594,3.19158146135781,21915.8146135781,26702.77744856963,burn,-1991.746140023223,False
595,3.3637163488928756,23637.163488928756,25735.46065998083,burn,-1966.3167885888022,False
596,3.3572397704713572,23572.397704713574,24841.04111319071,burn,-1893.41954679012,False
597,3.4667399860012513,24667.399860012512,23985.225163453088,burn,-1854.8159497376212,False
598,3.1934928997894483,21934.928997894483,23258.849694321576,burn,-1725.37546913151,False
599,3.429258955944562,24292.58955944562,22529.889520356504,burn,-1727.96017396507,False
600,3.665893487756152,26658.934877561518,21801.77218681684,burn,-1727.117333539665,False
601,3.7564465898885944,27564.465898885945,21109.729371497207,burn,-1691.042815319635,False
602,3.8054069438237264,28054.069438237264,20461.029089311967,burn,-1647.7002821852398,False
603,3.800544761864036,28005.44761864036,19863.957356462164,burn,-1596.0717328498015,False
604,4.023395218425642,30233.952184256417,19269.19355173367,burn,-1593.763804728494,False
605,4.178637663550031,31786.37663550031,18692.23603044923,burn,-1575.957521284444,False
606,3.583486289510414,25834.86289510414,18273.712873877186,burn,-1417.523156572043,False
607,3.5185461822966455,25185.461822966456,17898.795332234444,burn,-1373.9175416427438,False
608,3.32156567063818,23215.656706381804,17587.32327773178,burn,-1310.4720545026662,False
609,3.106547193429893,21065.47193429893,17336.471848938687,burn,-1249.85142879309,False
610,3.2868553533493423,22868.553533493425,17072.188221932396,burn,-1263.2836270062903,False
611,3.2791442955557777,22791.442955557777,16828.47900684906,burn,-1242.7092150833375,False
612,3.3573585809225728,23573.58580922573,16589.347462599893,burn,-1238.1315442491632,False
613,3.370254512680265,23702.545126802648,16365.670332613416,burn,-1222.677129986478,False
614,3.154053996015004,21540.53996015004,16193.861440208444,burn,-1170.808892404972,False
615,2.9085768281353834,19085.768281353834,16074.096081169853,burn,-1118.7653590385914,False
616,2.8463165362874383,18463.165362874384,15972.61258310599,burn,-1100.483498063863,False
617,2.7966978195085885,17966.978195085885,15886.002371951472,burn,-1085.6102111545194,False
618,2.7478594065028923,17478.594065028923,15813.037266578473,burn,-1071.9651053730001,False
619,2.7036690114554562,17036.690114554563,15751.983587568948,burn,-1060.053679009524,False
620,2.984410969843259,19844.10969843259,15650.800317910873,burn,-1100.1832696580752,False
621,3.138150431956291,21381.50431956291,15532.622647413302,burn,-1117.1776704975716,False
622,3.175618247083568,21756.18247083568,15417.060942474878,burn,-1114.5617049384236,False
623,3.1642493337880944,21642.493337880944,15311.544256613917,burn,-1104.516685860961,False
624,3.158360311934176,21583.60311934176,15214.48874940423,burn,-1096.0555072096872,False
625,3.27405737907468,22740.5737907468,15106.778107839706,burn,-1106.7106415645255,False
626,3.260843843338771,22608.438433387713,15008.898539669777,burn,-1096.8795681699287,False
627,3.4102439161654967,24102.439161654966,14895.702548750445,burn,-1112.1959909193317,False
628,3.4693244270131265,24693.244270131265,14782.09419970141,burn,-1112.608349049034,False
629,3.831586895815732,28315.86895815732,14623.421647430458,burn,-1157.6725522709532,False
630,3.804844406314174,28048.44406314174,14481.086340969247,burn,-1141.335306461212,False
631,4.015667565886035,30156.675658860346,14319.330599948222,burn,-1160.7557410210247,False
632,3.8068717407295027,28068.717407295026,14200.438825879231,burn,-1117.8917740689901,False
633,3.688141319268649,26881.41319268649,14107.689020989343,burn,-1091.749804889889,False
634,4.041102225397239,30411.02225397239,13972.275325170447,burn,-1134.413695818896,False
635,4.216903857533871,32169.03857533871,13823.186894991264,burn,-1148.088430179184,False
636,4.321416000808938,33214.16000808938,13671.902008889738,burn,-1150.2848861015273,False
637,4.840723929141051,38407.23929141051,13462.206896421107,burn,-1208.6951124686311,False
638,4.826778094662611,38267.78094662611,13272.927767029649,burn,-1188.2791293914577,False
639,5.093584512476763,40935.845124767635,13064.942863254813,burn,-1206.9849037748359,False
640,5.395896471488909,43958.96471488909,12836.374357764213,burn,-1227.5685054906012,False
641,5.8365878435670195,48365.878435670194,12572.713118133624,burn,-1262.6612396305886,False
642,5.5020505642959225,45020.50564295922,12377.047560344701,burn,-1194.6655577889235,False
643,5.484405942992674,44844.05942992674,12202.158125964339,burn,-1173.8894343803627,False
644,5.574559268837724,45745.59268837724,12032.855264116584,burn,-1168.3028618477542,False
645,6.024345724445663,50243.45724445663,11828.569737704926,burn,-1203.2855264116586,False
646,6.160958095956422,51609.58095956422,11644.712763934433,burn,-1182.8569737704927,False
647,6.527371987888499,55273.719878884986,11479.241487540989,burn,-1164.4712763934433,False
648,6.126719344656588,51267.193446565885,11330.31733878689,burn,-1147.924148754099,False
649,6.035564941041616,50355.64941041616,11196.2856049082,burn,-1133.031733878689,False
650,6.4507233316204005,54507.233316204,11075.65704441738,burn,-1119.62856049082,False
651,6.394901408872697,53949.01408872697,10967.091339975641,burn,-1107.565704441738,False
652,6.399882732539078,53998.82732539078,10869.382205978076,burn,-1096.709133997564,False
653,6.91011500359306,59101.1500359306,10781.443985380269,burn,-1086.9382205978077,False
654,6.617484987569166,56174.84987569166,10702.299586842242,burn,-1078.144398538027,False
655,6.406068998920855,54060.68998920855,10631.069628158019,burn,-1070.2299586842244,False
656,5.982278773504036,49822.78773504036,10568.846621269966,burn,-1061.2230068880524,False
657,6.473428395416818,54734.283954168175,10510.96195914297,burn,-1056.8846621269965,False
658,6.800277326433206,58002.77326433206,10458.865763228672,burn,-1051.096195914297,False
659,7.134091205486386,61340.91205486386,10411.979186905804,burn,-1045.8865763228673,False
660,7.018222369668644,60182.22369668644,10369.781268215223,burn,-1041.1979186905805,False
661,6.5306059411428485,55306.05941142848,10331.8031413937,burn,-1036.9781268215224,False
662,5.993333399521565,49933.33399521565,10298.311607291986,burn,-1032.491534101715,False
663,6.408153825383012,54081.53825383012,10267.480446562788,burn,-1029.8311607291987,False
664,6.588834644624607,55888.346446246076,10239.732401906509,burn,-1026.7480446562788,False
665,6.838857393883765,58388.573938837646,10214.759161715858,burn,-1023.9732401906509,False
666,6.935008796329249,59350.087963292484,10192.283245544271,burn,-1021.4759161715858,False
667,6.673571243533691,56735.71243533691,10172.054920989844,burn,-1019.2283245544272,False
668,6.579915987445955,55799.15987445955,10153.849428890859,burn,-1017.2054920989845,False
669,6.254673665896494,52546.73665896494,10137.464486001772,burn,-1015.3849428890859,False
670,5.909544113878785,49095.44113878785,10131.887970732632,burn,-1004.5765152691408,False
671,6.180885738562691,51808.85738562691,10117.69917365937,burn,-1013.1887970732632,False
672,5.695531499395761,46955.31499395761,10135.734463263121,burn,-980.9647103962488,False
673,5.415742104512927,44157.42104512927,10180.379845804027,burn,-954.3546174590931,False
674,5.354914344087514,43549.14344087514,10227.014031326313,burn,-952.3658144777153,False
675,5.383128184556338,43831.28184556338,10266.400195314402,burn,-959.6138360119106,False
676,5.024066672525793,40240.66672525793,10338.953396820913,burn,-926.4467984934898,False
677,4.623901336216848,36239.01336216848,10446.332256681637,burn,-891.621140139276,False
678,4.725736922688091,37257.36922688091,10533.812785893691,burn,-911.5194707879456,False
679,4.778644887231146,37786.44887231146,10608.086768334335,burn,-924.7260175593573,False
680,5.104582021789137,41045.82021789137,10641.264807568776,burn,-965.8219607655601,False
681,5.135795903553553,41357.959035535525,10668.100573192622,burn,-972.1642343761541,False
682,5.275309293150243,42753.092931502426,10677.601249324673,burn,-989.4993238679497,False
683,5.090148129430183,40901.48129430183,10705.991479091172,burn,-970.6097702335006,False
684,4.921434936156707,39214.349361567074,10749.863415013571,burn,-955.1280640776,False
685,4.615355337033928,36153.55337033928,10822.724483564341,burn,-926.1389314492294,False
686,4.455455151898633,34554.55151898633,10906.613868643006,burn,-915.1106149213358,False
687,4.38974839871378,33897.4839871378,10990.576406244634,burn,-915.0374623983718,False
688,4.663612086990147,36636.120869901475,11037.395500283337,burn,-952.1809059612974,False
689,4.468825356269457,34688.253562694576,11101.657751483597,burn,-934.7377487997394,False
690,4.948140197028109,39481.40197028109,11107.265851686607,burn,-993.3918997969907,False
691,5.10494104005247,41049.4104005247,11094.95584472866,burn,-1011.3100069579473,False
692,5.210562039798312,42105.62039798312,11072.048053361697,burn,-1021.9077913669621,False
693,5.221976159438414,42219.761594384145,11049.986421519117,burn,-1021.0616318425807,False
694,5.183594112043729,41835.941120437295,11034.200519130856,burn,-1014.7859023882613,False
695,5.039103555329762,40391.03555329762,11035.807707703883,burn,-997.3928114269722,False
696,4.69397460210485,36939.7460210485,11075.357388458979,burn,-959.4503192449051,False
697,4.505353201584475,35053.53201584475,11132.35912423276,burn,-941.9982642262186,False
698,4.874593208943392,38745.932089433925,11143.407537398409,burn,-987.9515868343508,False
699,5.013271261633404,40132.71261633404,11138.021988263386,burn,-1004.3855491350214,False
700,5.421450961296964,44214.50961296964,11087.658708580679,burn,-1049.3632796827083,False
701,5.263773233792215,42637.732337922156,11059.52314888095,burn,-1027.1355596997287,False
702,4.996700767900635,39967.007679006354,11063.53094481943,burn,-994.9922040615209,False
703,5.005216012501815,40052.16012501815,11066.236084628457,burn,-996.2948601909726,False
704,4.81252189523719,38125.218952371906,11090.021606691935,burn,-975.2144779365217,False
705,4.868776886201738,38687.76886201738,11105.472333762862,burn,-983.549272929073,False
706,4.490011448222831,34900.11448222831,11161.616461247177,burn,-942.8558725156862,False
707,4.042416655229045,30424.166552290444,11262.952759975047,burn,-897.6637012721297,False
708,4.118021280626529,31180.21280626529,11347.62385809336,burn,-914.3289018816873,False
709,4.462405714745827,34624.057147458276,11386.341888238207,burn,-960.2819698551534,False
710,4.5558973558449365,35558.97355844937,11411.13816369497,burn,-974.2037245432372,False
711,4.683081361067675,36830.81361067675,11419.299752717492,burn,-990.8384109774781,False
712,4.7008783326608805,37008.783326608806,11424.720374791697,burn,-993.5793779257938,False
713,4.74068556406652,37406.8556406652,11425.121490257314,burn,-998.5988845343842,False
714,4.405586768707069,34055.86768707069,11463.772989963538,burn,-960.3485002937766,False
715,4.243564719554001,32435.647195540012,11517.749444233143,burn,-945.0235457303951,False
716,4.505836788974226,35058.36788974226,11537.068474743686,burn,-979.6809694894571,False
717,4.259747636967833,32597.47636967833,11583.135734025684,burn,-952.9327407180025,False
718,4.192356629672629,31923.56629672629,11633.20394579525,burn,-948.9317882304324,False
719,4.446643538920046,34466.435389200466,11649.588676338344,burn,-982.6152694569064,False
720,4.478151768839675,34781.51768839675,11660.918867912818,burn,-987.6698084255258,False
721,4.521153023375372,35211.53023375372,11666.274127246315,burn,-993.6447406665023,False
722,4.45127488154016,34512.748815401595,11679.32523231873,burn,-985.9488949275865,False
723,4.6088741998373886,36088.74199837389,11672.866815678544,burn,-1005.4584166401852,False
724,4.829340231077349,38293.4023107735,11641.229689801761,burn,-1030.6371258767833,False
725,4.639549704935658,36395.49704935658,11634.479864485611,burn,-1005.7498253161503,False
726,4.330733632091677,33307.33632091677,11664.242337495974,burn,-969.237526989637,False
727,3.9331278138553825,29331.278138553826,11737.903084344585,burn,-925.3392531513883,False
728,4.033027554709234,30330.275547092337,11793.99409523412,burn,-942.9089891104655,False
729,4.111384965671426,31113.849656714257,11836.337831341125,burn,-956.6562638929961,False
730,4.62386900244139,36238.6900244139,11814.587562079854,burn,-1020.7502692612708,False
731,4.642787414165277,36427.87414165278,11792.47787522888,burn,-1021.109686850974,False
732,4.619831232303927,36198.31232303927,11774.986184277372,burn,-1016.4916909515094,False
733,4.681596600495297,36815.96600495297,11751.729383994356,burn,-1022.2568002830153,False
734,4.756899568289,37568.995682889996,11721.642244300863,burn,-1029.0871396934933,False
735,4.715286268734382,37152.86268734382,11699.06756731314,burn,-1021.5746769877218,False
736,4.537108530073428,35371.085300734274,11699.305472084998,burn,-998.7620952281441,False
737,4.543501578547769,35435.01578547769,11698.775124398291,burn,-999.5303476867073,False
738,4.5414299697653835,35414.299697653834,11698.532439827479,burn,-999.2426845708131,False
739,4.535747060740519,35357.470607405194,11698.975300945129,burn,-998.5571388823503,False
740,4.7212061151390365,37212.061151390364,11677.683551590497,burn,-1020.2917493546321,False
741,4.723649957744651,37236.499577446506,11657.963315376619,burn,-1018.7202362138784,False
742,4.413817199569214,34138.171995692144,11676.083592827992,burn,-980.8797225486275,False
743,4.279303427507316,32793.034275073165,11708.385203728365,burn,-966.6983890996274,False
744,4.23929808062176,32392.980806217598,11742.696446365771,burn,-964.6887573625933,False
745,4.251305876515944,32513.058765159436,11772.770644425364,burn,-968.9258019404077,False
746,4.363900172483178,33639.00172483178,11787.10786019022,burn,-984.662784235142,False
747,4.377968167978709,33779.68167978709,11798.587715738167,burn,-987.5201444520532,False
748,3.9455416807585366,29455.416807585367,11860.126011043334,burn,-937.4617046948327,False
749,3.706896629314833,27068.966293148333,11945.078359265744,burn,-914.0476517775904,False
750,3.818090318667436,28180.90318667436,12010.20134450275,burn,-933.8770147629942,False
751,3.7773431107130757,27773.431107130757,12075.126777653295,burn,-934.0745668494537,False
752,4.05889231586258,30588.9231586258,12101.005313638329,burn,-973.1214640149661,False
753,4.089063575845404,30890.63575845404,12121.147300501694,burn,-978.8580131366349,False
754,4.020145277524041,30201.452775240414,12148.013677698775,burn,-972.1336228029195,False
755,3.896846886471302,28968.46886471302,12187.703637823312,burn,-959.3100398754636,False
756,3.8379129836691415,28379.129836691416,12231.442031983242,burn,-955.2616058400696,False
757,3.868726432004677,28687.264320046772,12267.983319797248,burn,-962.4587121859954,False
758,3.8693156429386737,28693.156429386738,12301.576989339335,burn,-965.406330457912,False
759,4.053021876442685,30530.21876442685,12309.928303240398,burn,-990.6486860989362,False
760,3.752105678922047,27521.056789220467,12354.649652173666,burn,-954.2786510667313,False
761,3.495672012585943,24956.72012585943,12427.585635942638,burn,-926.0640162310282,False
762,3.4563867063462483,24563.867063462483,12499.936792664415,burn,-926.6488432782228,False
763,3.5499619351336986,25499.619351336987,12555.19632290248,burn,-943.7404697619355,False
764,3.6847105312304347,26847.105312304346,12589.365828859738,burn,-964.8304940427432,False
765,3.5784968339843535,25784.968339843534,12634.281138100894,burn,-954.0846907588433,False
766,3.1148950020263473,21148.950020263474,12734.365300864196,burn,-898.915837236698,False
767,3.0298202969390324,20298.202969390324,12838.162304257683,burn,-895.2029966065124,False
768,3.089175083338565,20891.75083338565,12927.042501025684,burn,-910.1198032319999,False
769,3.0868103431088203,20868.103431088202,13009.927516004922,burn,-916.1149850207614,False
770,3.176218492741003,21762.18492741003,13075.306691709176,burn,-933.6208242957455,False
771,3.366247119314685,23662.47119314685,13111.147289189588,burn,-963.1594025195875,False
772,3.3395646333882736,23395.646333882734,13147.846159720784,burn,-962.3011294688043,False
773,3.2655461469538785,22655.461469538786,13191.583329655767,burn,-955.2628300650169,False
774,3.1210779422736343,21210.779422736345,13251.200398931003,burn,-939.3829307247627,False
775,2.906987422464482,19069.87422464482,13334.941654051276,burn,-915.2587448797277,False
776,2.672457288014387,16724.57288014387,13444.173367803065,burn,-889.7682862482106,False
777,2.583053872182215,15830.53872182215,13558.136192331016,burn,-885.0371754720499,False
778,2.7173603636561583,17173.603636561584,13646.387325696853,burn,-910.748866634164,False
779,2.8094688082698784,18094.688082698784,13716.140837297831,burn,-929.2464883990214,False
780,2.740930214150659,17409.302141506592,13790.545355380964,burn,-924.5954819168667,False
781,3.036581777299399,20365.81777299399,13819.162353914018,burn,-970.3830014669456,False
782,2.944616632427887,19446.166324278867,13858.474506621893,burn,-959.687847292126,False
783,3.136273085021978,21362.73085021978,13868.495920411202,burn,-988.9785862106905,False
784,3.3811393619347228,23811.39361934723,13843.84290912142,burn,-1023.6530112897825,False
785,3.4589008578289686,24589.008578289686,13810.244391616468,burn,-1032.5985175049525,False
786,3.341693344138997,23416.93344138997,13795.338598307833,burn,-1013.9057933086353,False
787,3.2806537143144867,22806.537143144866,13789.947766247875,burn,-1004.3908320599594,False
788,3.3109473208843094,23109.473208843094,13780.77194948003,burn,-1008.1758167678446,False
789,3.087934111923751,20879.34111923751,13802.999913586415,burn,-976.7720358936147,False
790,2.937920105266699,19379.20105266699,13844.358807451757,burn,-957.6411061346571,False
791,2.7841330640444095,17841.330640444095,13904.139084090479,burn,-939.219723361279,False
792,2.8588386976554925,18588.386976554924,13949.47661201504,burn,-953.6624720754396,False
793,3.0283255437215657,20283.255437215656,13968.061984077322,burn,-980.4146279377187,False
794,3.137186777493076,21371.86777493076,13970.135311077718,burn,-996.9266729996036,False
795,3.2934261589762053,22934.261589762053,13950.233807855204,burn,-1018.9015032225143,False
796,3.1688037218922367,21688.037218922367,13949.168927425011,burn,-1000.0648804301929,False
797,3.1176782681771096,21176.782681771096,13955.311962086367,burn,-992.8569653386442,False
798,3.0785774359599487,20785.774359599487,13966.474398420301,burn,-987.8375636660652,False
799,3.148751726382973,21487.517263829734,13967.045818748395,burn,-998.4285796719073,False
800,3.489604469939497,24896.04469939497,13919.969330788917,burn,-1046.0764879594776,False
801,3.377323265278392,23773.23265278392,13892.048194829009,burn,-1026.9211359599078,False
802,3.5340040678297746,25340.040678297744,13844.420718725718,burn,-1046.6274761032903,False
803,3.8040847496543373,28040.847496543374,13762.990392737658,burn,-1080.4303259880592,False
804,3.9006772624458637,29006.772624458637,13674.620940146026,burn,-1087.3694525916328,False
805,3.8294991217460894,28294.991217460894,13602.966613735185,burn,-1070.6543264108398,False
806,3.668811487544312,26688.11487544312,13558.780747414243,burn,-1043.1858663209414,False
807,3.4771510888784976,24771.510888784975,13543.97022512031,burn,-1013.8105222939322,False
808,3.1352851410848888,21352.85141084889,13576.56933013434,burn,-966.4008949859711,False
809,3.100600481162906,21006.00481162906,13611.551382953405,burn,-964.0179471809346,False
810,3.057686108621512,20576.86108621512,13649.890811830823,burn,-960.6605711225818,False
811,3.1892390002312467,21892.390002312466,13667.567538097699,burn,-981.3232737331231,False
812,3.096260334869297,20962.603348692974,13696.6813641502,burn,-969.8861739474992,False
813,3.070387718194685,20703.87718194685,13727.272887179064,burn,-968.4084769711359,False
814,3.1137692186640518,21137.692186640517,13749.746373968905,burn,-976.5265132101604,False
815,3.1902083532413648,21902.083532413646,13760.110961638291,burn,-988.6354123306138,False
816,3.3074290158247472,23074.290158247473,13753.600620617854,burn,-1005.5103410204381,False
817,3.33736481361207,23373.6481361207,13743.448768075908,burn,-1009.1518525419458,False
818,3.1209647479982783,21209.64747998278,13763.78262614202,burn,-978.6661419338892,False
819,3.18333534837926,21833.3534837926,13774.083963484276,burn,-988.698662657743,False
820,3.079660977158358,20796.60977158358,13797.925516160452,burn,-975.1584473238237,False
821,3.270335579846856,22703.35579846856,13793.77002807827,burn,-1003.1554880821814,False
822,3.2738138395588257,22738.138395588256,13789.436874778996,burn,-1003.3331532992746,False
823,3.313222894105199,23132.228941051988,13779.984620284475,burn,-1008.4522544945221,False
824,3.7442206969606686,27442.206969606686,13711.832199282408,burn,-1067.1524210020673,False
825,3.8852545614417435,28852.545614417435,13629.619325331254,burn,-1081.2128739511538,False
826,3.959299429116623,29592.99429116623,13543.797112179394,burn,-1084.8222131518594,False
827,3.3379950798318925,23379.950798318925,13548.953946465257,burn,-993.8431657141379,False
828,3.133660005382854,21336.60005382854,13581.417637638524,burn,-966.5363088267338,False
829,3.0779886730346084,20779.886730346083,13619.126435608945,burn,-961.2912020295793,False
830,3.171904936829333,21719.049368293327,13641.375634420478,burn,-976.7508011884668,False
831,2.9667563162758355,19667.563162758353,13690.014235782575,burn,-950.3613986379014,False
832,3.1266576426237926,21266.576426237927,13713.37378997189,burn,-975.6404458106841,False
833,3.3681178443053574,23681.178443053574,13701.956248696679,burn,-1010.4175412752129,False
834,3.5272940372193564,25272.940372193563,13669.569713006129,burn,-1031.38653569055,False
835,3.7383840585528865,27383.840585528866,13610.765909462089,burn,-1057.80380354404,False
836,3.7539134020613063,27539.134020613063,13554.398907485116,burn,-1055.3670019769722,False
837,3.8991584574269376,28991.584574269375,13482.71545983112,burn,-1070.683447653995,False
838,4.1179353701402075,31179.353701402077,13387.197332662128,burn,-1094.5181271689926,False
839,4.165603095029372,31656.03095029372,13293.05193292858,burn,-1093.1453997335484,False
840,3.467529137901816,24675.29137901816,13299.389406520717,burn,-992.6625264078624,False
841,3.677442869385871,26774.42869385871,13277.336382857931,burn,-1021.0530236627848,False
842,3.7912665659219975,27912.665659219976,13241.863712415325,burn,-1034.472670442607,False
843,3.7165821474077556,27165.821474077555,13219.044421199018,burn,-1021.819291216307,False
844,3.640052860758891,26400.528607588913,13208.102439732214,burn,-1009.9419814668042,False
845,3.6453394501040903,26453.394501040904,13197.298173297206,burn,-1009.8042664350079,False
846,3.8413337027771597,28413.3370277716,13161.453983778458,burn,-1034.8441895187484,False
847,3.982360763166311,29823.607631663108,13109.859245115136,burn,-1050.594738663321,False
848,3.7845612437212255,27845.612437212254,13088.3142232135,burn,-1020.545021901637,False
849,4.088484122799723,30884.841227997225,13028.668005326737,burn,-1058.6462178867619,False
850,4.407888667115884,34078.88667115884,12932.232104630717,burn,-1095.4359006960199,False
851,4.189181829226986,31891.81829226986,12872.188103004839,burn,-1059.0440016258774,False
852,4.270008821516952,32700.08821516952,12806.657011364083,burn,-1064.531091640756,False
853,4.287422565461599,32874.225654615984,12744.315228323027,burn,-1061.3417830410572,False
854,4.567510762693634,35675.10762693634,12651.444649504847,burn,-1091.870578818179,False
855,4.367078702791217,33670.78702791216,12591.888318640707,burn,-1058.556330864139,False
856,4.537939236580205,35379.39236580205,12515.800545257123,burn,-1075.0877733835844,False
857,4.678086766551509,36780.86766551509,12428.668514411183,burn,-1086.13203084594,False
858,4.841410450620996,38414.104506209966,12328.798917504992,burn,-1098.8695969061916,False
859,4.951719486827279,39517.19486827279,12224.159422314946,burn,-1103.639495190045,False
860,4.683905035341945,36839.05035341945,12161.625026712312,burn,-1061.5343956026343,False
861,4.8829930111956905,38829.930111956906,12080.308725541632,burn,-1080.3163011706808,False
862,5.09679873299055,40967.987329905496,11980.387354455213,burn,-1098.921371086418,False
863,5.187564277419189,41875.64277419189,11878.68156558084,burn,-1100.705788874373,False
864,5.200189470044859,42001.89470044859,11784.820355004113,burn,-1092.8612105767284,False
865,5.638822296114765,46388.22296114765,11647.902463068905,burn,-1135.9178919352078,False
866,6.110774359836382,51107.74359836382,11482.112216762014,burn,-1164.7902463068906,False
867,5.9850693232950904,49850.69323295091,11334.615352139792,burn,-1146.4968646222217,False
868,6.143299248131253,51432.99248131253,11200.153816925813,burn,-1133.4615352139792,False
869,5.309620581208532,43096.20581208532,11156.461992058274,burn,-1042.6918248675386,False
870,5.0973689409881935,40973.68940988193,11140.517483879612,burn,-1014.944508178662,False
871,4.973309938139016,39733.09938139016,11139.844321338529,burn,-999.6731625410838,False
872,5.008579450455486,40085.79450455486,11135.302594993695,burn,-1003.5417263448352,False
873,4.939904724761711,39399.04724761711,11138.81715218734,burn,-995.4854428063547,False
874,4.693079234110183,36930.79234110183,11169.510951405038,burn,-968.3062007823008,False
875,4.469204865289826,34692.04865289826,11222.542186479563,burn,-945.9687649254754,False
876,4.256112146486303,32561.12146486303,11294.996517877074,burn,-926.5456686024886,False
877,4.028569624458429,30285.69624458429,11387.169858359159,burn,-906.826659517916,False
878,3.6384995969067253,26384.99596906725,11516.36093462931,burn,-869.8089237298485,False
879,3.670139276952962,26701.392769529622,11632.04001130664,burn,-883.3209233226701,False
880,3.639080561091259,26390.80561091259,11742.459103944559,burn,-888.580907362083,False
881,3.284654741247513,22846.547412475127,11886.06150009001,burn,-855.3976038545476,False
882,3.41336702187211,24133.670218721098,12003.904136642901,burn,-881.1573634471104,False
883,3.3876241552170083,23876.241552170082,12116.100815075177,burn,-886.8033215677247,False
884,3.347480949384518,23474.80949384518,12224.872615879305,burn,-890.2281991958711,False
885,3.541599904327963,25415.99904327963,12301.921634375936,burn,-921.950981503369,False
886,3.474855935094678,24748.55935094678,12381.37071495809,burn,-919.5509194178459,False
887,3.5458029659978982,25458.029659978984,12446.096876317586,burn,-934.2738386405027,False
888,3.544969807887779,25449.69807887779,12506.04262473896,burn,-939.0542515786258,False
889,3.4461925699150426,24461.925699150426,12573.81860802524,burn,-931.2240167137207,False
890,3.26284922614078,22628.4922614078,12659.601120555933,burn,-913.2174874693065,False
891,3.1285637196661757,21285.63719666176,12756.15338802153,burn,-902.4477325344029,False
892,3.102881432130573,21028.81432130573,12849.098937569654,burn,-906.0544504518763,False
893,3.2598977614028546,22598.977614028547,12915.267491440596,burn,-932.8314461290572,False
894,2.8875933370368645,18875.933370368646,13024.716388239645,burn,-889.5511032009508,False
895,2.6944316080860187,16944.316080860186,13151.78565748177,burn,-871.9307307578745,False
896,2.7687385446556796,17687.385446556797,13260.575672373305,burn,-890.209985108466,False
897,2.8247026685450862,18247.026685450863,13354.580810596402,burn,-904.9948617769015,False
898,2.6998486278686618,16998.486278686618,13458.844111400047,burn,-894.7366991963548,False
899,2.6832205011567507,16832.20501156751,13558.359882528232,burn,-899.484228871816,False
900,2.833381965137054,18333.81965137054,13630.86536354717,burn,-926.4945189810617,False
901,2.7905625261008264,17905.625261008263,13704.252928186877,burn,-925.6124353602913,False
902,2.821748611975302,18217.48611975302,13768.383244276705,burn,-934.869683910173,False
903,2.819829423014551,18198.294230145508,13828.402992710116,burn,-938.9802515665881,False
904,3.0253045501392855,20253.045501392855,13855.915568051656,burn,-971.487424658461,False
905,3.2647252242291867,22647.252242291866,13848.321374731508,burn,-1006.5941933201476,False
906,3.3095631357733284,23095.631357733284,13835.069580600715,burn,-1012.2517941307924,False
907,3.3687421390291585,23687.421390291584,13814.598978450986,burn,-1019.4706021497296,False
908,3.2277065357113206,22277.065357113206,13815.120305203174,burn,-998.4786732478111,False
909,3.2415974331556945,22415.974331556943,13813.68490779421,burn,-1000.4353974089641,False
910,3.345131312689825,23451.31312689825,13798.051612195508,burn,-1014.6332955987012,False
911,3.196647957623667,21966.47957623667,13804.054412654581,burn,-992.9971995409275,False
912,3.2150077522948046,22150.077522948046,13807.09081665056,burn,-995.9635960040212,False
913,3.418289216621182,24182.89216621182,13781.840887469878,burn,-1024.249929180682,False
914,3.339127643192322,23391.27643192322,13769.373993156794,burn,-1011.4668943130839,False
915,3.2033328937847756,22033.328937847757,13776.520147039484,burn,-991.8538461173096,False
916,3.1704538410460787,21704.538410460787,13787.681128993605,burn,-987.8390180458796,False
917,3.371877697386895,23718.77697386895,13770.270138858503,burn,-1016.4109901351013,False
918,3.2526303422721075,22526.303422721074,13770.563348554815,burn,-998.7067903036873,False
919,3.066943515720424,20669.43515720424,13796.405414915947,burn,-973.1579336388678,False
920,3.1490728046154524,21490.728046154523,13809.090347383697,burn,-986.3150675322497,False
921,3.467103633332464,24671.036333324642,13776.951260324047,burn,-1031.1390870596506,False
922,3.149795846139378,21497.958461393777,13790.927371388752,burn,-985.0238889352955,False
923,3.2740394327377795,22740.394327377795,13786.769876253707,burn,-1003.1574951350457,False
924,3.2295269020503263,22295.269020503263,13789.051639126175,burn,-996.7182371275322,False
925,3.160669024582113,21606.690245821133,13800.663289619635,burn,-987.3883495065403,False
926,3.174838659569722,21748.386595697222,13809.487964638958,burn,-990.1753249806762,False
927,3.08742081503004,20874.2081503004,13829.751440184069,burn,-978.7365244548898,False
928,3.2331917898645823,22331.917898645825,13828.418994453996,burn,-1000.3324457300729,False
929,3.0942711923667567,20942.711923667568,13846.393449370673,burn,-981.0255450833228,False
930,3.271013664446101,22710.13664446101,13838.620289633962,burn,-1006.7731597367116,False
931,3.331122188120943,23311.22188120943,13823.0941270508,burn,-1014.5261625831622,False
932,3.228486890209497,22284.86890209497,13822.893580255613,burn,-999.2005467951859,False
933,3.291424114476102,22914.24114476102,13814.007784426487,burn,-1007.8857958291269,False
934,3.1643142878068624,21643.142878068626,13823.328851008067,burn,-989.678933418419,False
935,3.084873702315821,20848.73702315821,13842.96346045836,burn,-979.3653905497065,False
936,3.1710482557576944,21710.482557576943,13849.277870681986,burn,-992.6855897763743,False
937,2.971473315714571,19714.73315714571,13882.779159508229,burn,-965.4987111737579,False
938,2.8215389693078414,18215.389693078414,13934.759969119428,burn,-947.0191903888015,False
939,2.860576236834733,18605.762368347332,13977.755138018061,burn,-956.0048311013666,False
940,2.965293431731149,19652.93431731149,14003.163477486225,burn,-973.5916605318353,False
941,2.9851883525123935,19851.883525123936,14024.016133273588,burn,-978.1473442126372,False
942,3.00202300320365,20020.230032036503,14041.05129764878,burn,-981.9648356248077,False
943,2.9122073066692646,19122.073066692647,14069.504723919523,burn,-970.5465737292587,False
944,3.151160705953347,21511.607059533468,14062.37183058034,burn,-1006.1328933391828,False
945,3.221645758678635,22216.45758678635,14045.837151707616,burn,-1015.5346788727243,False
946,3.0261035588174754,20261.035588174753,14057.96208772578,burn,-986.875063981836,False
947,3.1464975642604673,21464.975642604673,14052.310169541797,burn,-1004.6519181839828,False
948,3.2438287928794,22438.287928794,14033.384879415808,burn,-1017.9252901259888,False
949,2.7057468196379273,17057.468196379272,14091.341619176832,burn,-941.0432602389754,False
950,2.6143654368275993,16143.654368275993,14158.288789532697,burn,-932.0528296441349,False
951,2.56180796681949,15618.079668194901,14228.249067775829,burn,-929.0397217568674,False
952,2.628961238214906,16289.612382149058,14284.063952196295,burn,-943.1851155795334,False
953,2.809816180128491,18098.16180128491,14310.345453999731,burn,-972.7184981965646,False
954,2.9520695869727644,19520.695869727646,14314.480279901476,burn,-994.8651740982549,False
955,3.1039067194569925,21039.067194569925,14296.592953442208,burn,-1016.8873264592671,False
956,2.899553439782581,18995.53439782581,14309.191882551273,burn,-986.401070890936,False
957,3.0044608181457098,20044.608181457097,14305.910143744683,burn,-1002.2817388065905,False
958,3.1047288064499208,21047.288064499207,14288.514024737213,burn,-1016.3961190074698,False
959,3.1470614412013074,21470.614412013074,14266.305148354579,burn,-1021.2088763826345,False
960,3.2494010136685194,22494.010136685196,14231.083478316717,burn,-1034.221670037861,False
961,2.972409308569555,19724.09308569555,14237.834089164258,burn,-992.2493891524588,False
962,2.634001815529442,16340.018155294418,14292.295917197032,burn,-944.5381719672266,False
963,2.6673136169288645,16673.136169288646,14338.383725337986,burn,-952.912191859046,False
964,2.6588520894139265,16588.520894139263,14382.61196105513,burn,-954.771764282855,False
965,2.629357323033156,16293.57323033156,14428.13722177148,burn,-953.4747392836508,False
966,2.684795280265179,16847.952802651787,14462.645785740317,burn,-964.4914360311635,False
967,2.7111029225636534,17111.029225636532,14491.042741733469,burn,-970.6030440068475,False
968,2.754071113859554,17540.71113859554,14511.307409817007,burn,-978.7353319164617,False
969,2.8764431348354336,18764.431348354337,14512.44560765978,burn,-997.8618021572271,False
970,2.800684032435548,18006.84032435548,14524.500036503767,burn,-986.9455711560128,False
971,2.8482276721161495,18482.276721161496,14528.829205767395,burn,-994.6708307363713,False
972,2.7562624805790046,17562.624805790045,14546.223369270729,burn,-981.6058364966672,False
973,2.496457171990435,14964.571719904352,14600.234197943992,burn,-944.989171326737,False
974,2.459476222781684,14594.762227816842,14656.135541457359,burn,-943.0986564866324,False
975,2.588612324902733,15886.12324902733,14689.49958881845,burn,-965.6359526389094,False
976,2.4767905859084998,14767.905859084998,14737.091462332788,burn,-951.4081264856611,False
977,2.529832661572347,15298.32661572347,14773.784050659591,burn,-962.3074116731963,False
978,2.643565806355986,16435.658063559862,14791.277985165096,burn,-981.5060654944949,False
979,2.7406249429440708,17406.249429440708,14793.253411916861,burn,-997.0245732482337,False
980,2.6516462634598894,16516.462634598895,14808.258524098941,burn,-983.9948878179206,False
981,2.554358956516901,15543.58956516901,14836.672105220485,burn,-970.5864188784564,False
982,2.558964898867042,15589.648988670422,14862.539989679075,burn,-973.1321155414095,False
983,2.592891083221964,15928.910832219639,14881.668915959224,burn,-979.8710737198503,False
984,2.6761138812294494,16761.138812294495,14887.151751702262,burn,-993.5171642569619,False
985,2.763526889644785,17635.26889644785,14879.255239873655,burn,-1006.8965118286072,False
986,3.134880563967185,21348.80563967185,14816.63814970084,burn,-1061.6170901728144,False
987,3.3659300474243383,23659.300474243384,14724.25494821389,burn,-1091.3832014869517,False
988,3.3066874781375613,23066.874781375613,14647.399655663694,burn,-1075.8552925501947,False
989,3.6547497990885445,26547.497990885444,14525.177859950081,burn,-1121.221795713613,False
990,3.451353026904259,24513.53026904259,14441.855579819463,burn,-1082.3222801306176,False
991,3.2762971437911292,22762.971437911292,14390.02325475462,burn,-1050.8323250648434,False
992,3.4045429209413607,24045.429209413607,14323.507806522872,burn,-1065.515448231749,False
993,3.3608646898763253,23608.646898763254,14268.173778040851,burn,-1054.334028482021,False
994,2.9570981469630375,19570.981469630377,14274.522924523306,burn,-992.6508535175461,False
995,3.175787231536546,21757.87231536546,14249.213531142606,burn,-1024.3093933807004,False
996,3.2728303422900757,22728.303422900757,14211.892405911964,burn,-1036.3211252306428,False
997,3.255561244479246,22555.61244479246,14179.739848401527,burn,-1031.1525575104374,False
998,3.225552026117417,22255.52026117417,14154.175368487171,burn,-1024.5644799143552,False
999,3.190039564853133,21900.39564853133,14135.484559414246,burn,-1017.6908090729244,False
