Name,A,B,C,D,E,F,G,H
1/1/2021,88.27,41.96,364.19,279.04,214,358546.6,139.39,14769.15
4/1/2021,87.33,42.11,359.07,255.49,213.43,350921.8,141.22,15273.54
5/1/2021,88.27,42.58,361.4,257.26,216.66,351260.3,145.3,15385.31
6/1/2021,88.27,42.06,340.22,271.93,237.97,342152.4,154.68,15822.1
7/1/2021,89.05,44.28,362.28,267.78,232.07,351888.9,160.22,17079.11
8/1/2021,88.74,43.3,367.74,262,233.59,354032.9,152.32,18418.16
11/1/2021,87.96,41.86,354.69,295.33,238.92,350599.4,145.6,16977.6
12/1/2021,89.52,41.49,373.57,295.48,246.72,346472.6,155.17,17778.15
13/1/2021,88.89,41.19,377.62,465.06,250.9,348745.5,157.76,17882.16
14/1/2021,89.05,42.94,379.82,591.1,263.65,343393.6,162.47,17685.22
15/1/2021,88.74,41.96,367.69,525.78,247.48,342797.1,159.29,17290.91
18/1/2021,89.83,41.96,367.69,525.78,247.48,342797.1,159.29,17290.91
19/1/2021,90.3,45.57,397.29,582.95,239.49,348906.8,160,17675.8
20/1/2021,91.71,46.55,406.63,579.4,234.74,361641.8,156.31,17799.29
21/1/2021,91.87,47.37,434.06,637.31,234.35,362657.3,153,17685.01
22/1/2021,90.77,48.76,430.51,962.85,245.01,364237.1,158.72,17719.54
25/1/2021,90.62,49.23,438.56,1137.32,271.64,370008.1,164.32,18434.49
26/1/2021,90.3,48.61,445.98,2191.71,301.31,374521.8,158.95,18482.42
27/1/2021,90.93,62.27,454.27,5146.91,337.27,375440.7,163.97,18086.23
28/1/2021,89.99,50.88,456.61,2867.38,296.18,385161.2,167.51,17484.93
29/1/2021,90.15,49.43,455.81,4813.52,286.1,373925.4,276.17,16607.99
1/2/2021,90.93,51.65,457.15,3332.43,279.82,386321.8,335.38,17576.6
2/2/2021,93.12,48.66,443.1,1332.97,260.61,386096.1,330.51,18266.85
3/2/2021,92.81,56.6,457.82,1368.67,280.58,391722.1,355.26,17888.03
4/2/2021,92.02,55.36,465.49,792.38,288.76,390126.2,351.15,17789.66
5/2/2021,92.18,55.26,471.65,944.49,286.67,390432.5,362.72,17836.54
8/2/2021,92.34,58.45,465.4,888.65,295.23,390867.8,399.91,18070.74
9/2/2021,93.9,61.29,491.29,745.13,290.66,392963.4,394.84,17778.57
10/2/2021,95,58.87,456.48,758.31,291.61,391432,372.95,16844.29
11/2/2021,99.69,57.47,451.27,756.83,289.33,394124.1,372.82,16987.44
12/2/2021,97.5,55.57,425.43,776.09,283.05,394930.1,362.2,17080.79
15/2/2021,100.16,55.57,425.43,776.09,283.05,394930.1,362.2,17080.79
16/2/2021,100.48,53.09,406.42,733.28,286.86,392850.6,328.37,16664.29
17/2/2021,97.5,51.19,395.37,680.41,279.63,394559.3,342.47,16704.68
18/2/2021,96.4,48.51,334.31,602.65,272.4,393896.8,331.61,16479.28
19/2/2021,96.73,48.14,336.31,601.17,284.76,389340.5,347.35,16352.03
22/2/2021,95.76,46.7,318.42,681.3,290.66,378902.9,306.36,14953.95
23/2/2021,94.96,45.36,324.76,666.04,302.07,376899.4,304.04,14626.2
24/2/2021,95.6,46.86,315.8,1358.3,291.04,378967.6,299.92,15529.93
25/2/2021,96.24,45.46,300.92,1610.38,299.03,369984.2,276.88,14278.36
26/2/2021,96.24,44.43,306.71,1506.85,289.33,375461.4,289.04,14137.71
1/3/2021,96.73,47.16,322.01,1783.22,291.42,382829.1,300.36,15036.2
2/3/2021,96.24,47.27,295.54,1750.34,289.71,377868.9,257.49,14366.68
3/3/2021,98.82,43.87,283.49,1839.21,301.69,367673.7,229.51,13670.99
4/3/2021,98.18,41.6,272.99,1960.21,288,366332.6,197.63,13006.28
5/3/2021,98.01,39.18,270.28,2040.04,287.62,374201.2,218.55,12514.65
8/3/2021,99.14,39.28,258.65,2880.7,313.87,367399,197.34,11783.17
9/3/2021,101.23,44.43,287.62,3656.79,325.47,377723.4,212.37,14097.53
10/3/2021,104.45,47.42,287.58,3924.87,322.43,375526.1,215.63,13982
11/3/2021,105.26,49.12,314.46,3850.81,324.33,383136.1,234.54,14642.11
12/3/2021,103.81,50.36,313.3,3917.46,356.29,380906.4,253.46,14519.25
15/3/2021,105.58,49.12,319.13,3260.45,394.9,379387.7,271.82,14816.66
16/3/2021,107.51,45.1,309.13,3083.17,382.92,384073.3,277.79,14166.59
17/3/2021,105.58,43.71,313.84,3107.46,374.74,382990.7,281.82,14688.36
18/3/2021,101.55,41.44,293.16,2988.08,356.1,372779.4,271.57,13670.15
19/3/2021,96.24,42.89,295.12,2966.16,355.91,372181.6,285.31,13705.95
22/3/2021,96.24,42.47,298.12,2880.56,338.22,381294.3,296.5,14022.6
23/3/2021,96.24,41.7,295.04,2691.87,306.07,383863.2,274.8,13858.52
24/3/2021,97.05,39.43,268.86,1782.33,290.28,380437.9,250.3,13191.08
25/3/2021,96.24,41.75,272.78,2721.49,312.54,375396.8,222.79,13402.88
26/3/2021,97.21,42.84,275.78,2680.76,312.35,382085.9,227.65,12949.14
29/3/2021,98.18,41.03,267.24,2685.2,301.88,380082.4,217.19,12793.85
30/3/2021,97.05,41.49,272.03,2880.11,315.2,374605.1,216.65,13303.05
31/3/2021,98.66,40.57,280.45,2811.39,307.97,380938.8,226.64,13979.28
1/4/2021,98.66,42.73,293.08,2835.53,299.03,391570.2,232.28,13849.94
2/4/2021,98.66,42.73,293.08,2835.53,299.03,391570.2,232.28,13849.94
5/4/2021,98.66,42.99,286.99,2768.88,300.36,402427.9,221.61,14463.16
6/4/2021,98.98,42.84,293.66,2732.6,306.64,400472.8,223.45,14475.09
7/4/2021,98.01,41.39,281.58,2635.88,303.79,403768.9,214.71,14042.9
8/4/2021,99.14,40.93,286.58,2521.69,307.59,409181.6,220.34,14311.43
9/4/2021,98.5,40.77,282.87,2345.44,318.24,413382.4,224.68,14169.53
12/4/2021,97.85,37.37,287.29,2089.66,324.52,413479.4,219.56,14691.92
13/4/2021,99.3,37.58,292.46,2088.18,316.34,417647.9,243.32,15954.79
14/4/2021,99.95,37.94,299.79,2466.45,319.76,412962.4,251.67,15325.03
15/4/2021,101.39,37.42,296,2317,318.43,419279.8,252.61,15463.58
16/4/2021,100.59,38.25,291.91,2291.09,319.19,421283.3,284.19,15483.05
19/4/2021,100.43,37.94,277.87,2434.45,319.57,418051.9,276.88,14956.67
20/4/2021,99.3,36.65,277.03,2347.96,304.36,417276.4,260.19,15047.93
21/4/2021,97.85,37.94,277.74,2347.66,317.1,421024.9,266.04,15573.88
22/4/2021,98.5,37.16,278.82,2238.95,321.48,415515.1,259.13,15062.57
23/4/2021,97.37,38.56,287.29,2239.1,321.86,421945.6,259.51,15265.8
26/4/2021,99.3,40.41,296.46,2501.99,313.11,422592.1,276.88,15449.98
27/4/2021,99.46,39.9,294.83,2632.92,331.56,423270.6,322.09,14749.68
28/4/2021,99.95,40.31,282.53,2644.92,325.47,411298.2,305.34,14533.27
29/4/2021,101.07,38.81,271.15,2609.52,319.19,407985.9,296.91,14169.11
30/4/2021,100.43,38.45,266.24,2571.01,315.39,407452.8,296.16,14848.05
3/5/2021,100.27,38.3,257.27,2402.32,340.69,406935.8,243.9,14334.45
4/5/2021,101.72,36.91,247.14,2380.54,337.08,400359.8,225.84,14097.95
5/5/2021,102.2,36.19,242.02,2362.03,331.18,398227,214.68,14042.27
6/5/2021,100.91,35.41,176.37,2384.69,329.66,403494.3,215.65,13887.4
7/5/2021,100.59,37.53,174.57,2386.17,336.31,407905.2,220,14072.21
10/5/2021,101.72,36.19,175.99,2121.21,333.84,399374.1,200.63,13165.34
11/5/2021,101.23,37.06,193.21,2176.01,328.13,397839.2,172.72,12917.54
12/5/2021,100.75,34.95,172.78,2144.46,311.78,386157.6,159.78,12345.96
13/5/2021,100.75,33.2,166.65,2436.38,301.69,392668.9,151.25,11965.05
14/5/2021,100.43,34.79,177.57,2368.55,343.92,400941.4,164.61,12342.82
17/5/2021,100.43,35.41,176.28,2674.83,364.47,396142.7,175.2,12072.63
18/5/2021,101.88,35.41,182.2,2675.87,363.14,392749.7,180.69,12094.39
19/5/2021,100.59,33.97,179.66,2500.51,357.24,393719.1,177.67,11792.8
20/5/2021,101.39,34.48,182.49,2525.1,343.35,399160.4,182.99,12280.87
21/5/2021,102.68,34.59,187.04,2618.41,346.21,397039,178.76,12157.38
24/5/2021,102.68,33.4,190.62,2666.1,340.69,406124.1,182.4,12692.34
25/5/2021,102.36,34.33,188.45,3101.83,341.64,407646.3,184.44,12655.71
26/5/2021,104.24,36.19,197.04,3592.51,350.58,407273.9,188.62,12957.93
27/5/2021,104.08,38.25,201.04,3763.87,358.95,403743.4,188.44,13203.22
28/5/2021,103.42,36.7,196.71,3288,347.73,404342.6,184.52,13085.39
31/5/2021,103.08,36.7,196.71,3288,347.73,404342.6,184.52,13085.39
1/6/2021,101.76,38.71,197.12,3688.19,351.91,400650.3,181.75,13057.76
2/6/2021,103.25,44.64,203.29,4180.2,359.9,400488.4,214.13,12664.71
3/6/2021,101.43,41.55,198.5,3823.86,348.49,397913.5,217.11,11989.12
4/6/2021,102.26,42.78,197.21,3678.42,341.26,406140.3,228.76,12537.67
7/6/2021,101.6,44.69,211.34,4147.18,354.58,411030.9,243.8,12664.92
8/6/2021,101.1,56.96,234.26,4443.25,355.34,409022.9,248.56,12632.69
9/6/2021,99.78,50.36,227.97,4481.16,372.84,410674.7,262.05,12532.02
10/6/2021,99.95,47.11,224.72,3264.16,360.09,416585.6,256.17,12769.36
11/6/2021,99.12,47.63,226.68,3455.96,370.17,417638.1,262.1,12764.54
14/6/2021,101.27,47.47,239.47,3398.19,357.43,420877,259.64,12927.79
15/6/2021,101.6,45.41,227.3,3295.41,350.77,418399.6,233.84,12544.16
16/6/2021,101.43,46.96,231.26,3302.37,354.58,416812.2,220.3,12659.48
17/6/2021,101.1,46.39,238.47,3311.55,344.87,422512.7,224.86,12904.98
18/6/2021,100.11,45.15,237.43,3166.85,337.08,420132.1,218.01,13045.42
21/6/2021,99.95,44.12,233.01,2967.64,345.83,425314.3,226.24,12993.51
22/6/2021,99.12,46.03,234.56,3264.3,354.77,429978.5,242.96,13053.79
23/6/2021,99.29,46.65,238.14,3248.61,357.24,429597.8,240.3,13741.52
24/6/2021,100.94,47.27,246.81,3144.49,369.98,431889.3,240.6,14228.13
25/6/2021,100.44,46.13,252.77,3103.02,373.22,429184.9,237.24,14061.74
28/6/2021,100.61,45.41,254.61,3158.41,366.18,435176.8,243.13,14414.4
29/6/2021,100.77,44.54,251.85,3123.31,358.19,439516.8,261.17,14247.8
30/6/2021,101.93,42.89,248.44,3171.59,360.66,438707.1,265.39,14225.61
1/7/2021,100.77,42.89,241.85,3026.74,358.19,439841,269.7,14188.36
2/7/2021,104.08,41.49,235.39,3004.08,354.2,449638.4,271.52,14208.87
5/7/2021,102.09,41.49,235.39,3004.08,354.2,449638.4,271.52,14208.87
6/7/2021,104.08,41.34,237.02,2955.65,347.35,449654.6,268.99,13804.52
7/7/2021,103.08,40.41,226.64,2823.83,326.61,453330.8,232.22,13492.04
8/7/2021,101.76,41.29,229.22,2834.5,332.32,449265.9,237.05,13662.83
9/7/2021,103.08,41.8,235.06,2832.27,355.15,450108.1,235.74,13749.47
12/7/2021,103.08,41.13,226.64,2802.95,363.33,449104.2,235.45,14351.19
13/7/2021,103.75,39.64,223.88,2666.84,352.86,455031.3,230.22,13992.05
14/7/2021,103.42,38.25,208.96,2482.59,343.35,457509,222.25,13674.75
15/7/2021,103.08,38.09,204.67,2470.74,334.03,455112.3,223.92,13616.58
16/7/2021,102.42,36.39,208.38,2503.62,322.24,454658.8,233.31,13483.05
19/7/2021,101.27,36.7,213.46,2569.53,306.45,448602.1,263.14,13524.9
20/7/2021,99.95,38.87,214.67,2831.53,320.72,452343.1,258.99,13823.77
21/7/2021,100.61,40.15,218.67,2752,334.41,455711.3,262.79,13714.73
22/7/2021,99.95,37.89,218.3,2648.92,322.62,463387.4,262.36,13588.53
23/7/2021,101.27,37.47,207.67,2671.28,316.91,469104.1,254.05,13465.46
26/7/2021,101.1,37.53,204.13,2724.3,331.94,468100.3,241.7,13763.5
27/7/2021,100.94,37.01,200.79,2644.32,324.14,464035.4,223.76,13494.77
28/7/2021,100.94,37.68,209.88,2504.81,318.24,463517.1,236.26,13540.81
29/7/2021,102.09,37.42,204.71,2441.71,316.34,463970.6,230,14176.43
30/7/2021,101.76,38.04,200.38,2386.32,323.38,461395.5,224.16,14382.59
2/8/2021,102.59,38.4,197.42,2334.93,324.9,461250,228.4,14852.86
3/8/2021,101.1,38.25,192.71,2262.35,328.9,464974.8,235.71,14854.33
4/8/2021,99.29,37.27,185.66,2174.23,318.24,463986.8,279.76,14879.03
5/8/2021,101.76,38.51,166.44,2272.57,332.32,468861.3,295.25,14956.67
6/8/2021,100.44,38.76,171.9,2247.84,353.05,468764.1,237.36,14631.64
9/8/2021,99.62,38.2,183.58,2386.47,358.38,466934.3,266.41,14938.46
10/8/2021,100.94,37.32,176.32,2355.66,367.89,463873.3,287.76,14859.56
11/8/2021,100.61,38.71,175.41,2351.66,376.83,464699.3,292.88,14814.15
12/8/2021,99.78,39.9,179.12,2404.54,367.13,469331.1,309.05,15116.16
13/8/2021,100.11,38.4,175.53,2407.05,359.9,474254.2,321.59,15009.83
16/8/2021,100.28,36.91,166.24,2427.94,359.71,477088.3,286.64,14361.03
17/8/2021,99.12,35.36,170.74,2422.31,347.54,474626.6,293.21,13932.82
18/8/2021,98.79,35.46,170.74,2326.04,343.73,471727.7,283.74,14420.05
19/8/2021,98.95,34.69,163.48,2264.57,411.07,481528,271.84,14095.23
20/8/2021,100.94,35.36,170.61,2359.36,425.91,493843.4,288.61,14237.34
23/8/2021,100.94,36.13,180.33,2442.16,427.62,494313.6,313.75,14782.34
24/8/2021,100.44,37.27,182.7,3114.57,446.64,491020.2,291.26,14828.17
25/8/2021,102.26,36.65,184.7,2956.98,448.74,490030.3,297.72,14884.89
26/8/2021,101.37,36.6,179.66,3039.48,428.76,485292.5,287.92,14674.76
27/8/2021,102.73,37.16,182.37,3035.48,437.32,486314.5,283.34,14899.95
30/8/2021,102.73,37.27,181.74,3098.42,427.24,492594,291.54,15297.4
31/8/2021,102.56,37.53,181.74,3232.31,425.91,489819.1,298.17,15398.07
1/9/2021,102.05,36.91,190.66,3154.26,428.76,489738.3,315.07,15363.96
2/9/2021,102.05,37.58,197,3162.41,430.86,488634.7,323.74,15328.38
3/9/2021,101.88,37.22,194.62,3002.89,413.16,488618.4,314.36,15353.08
6/9/2021,102.05,37.22,194.62,3002.89,413.16,488618.4,314.36,15353.08
7/9/2021,101.71,37.42,193.25,2947.35,417.16,487060.8,338.23,15758.05
8/9/2021,101.2,36.24,188.16,2944.39,403.84,487109.6,333.5,15777.94
9/9/2021,102.05,37.32,190.16,2950.02,411.64,482306.8,323.46,15798.66
10/9/2021,101.88,36.08,183.33,2820.13,392.62,479808,302.72,15409.59
13/9/2021,108.86,36.7,183.03,3012.52,401.18,481884.9,292.29,15550.44
14/9/2021,107.84,35.72,183.7,2950.91,400.8,486428.2,292.86,15581.62
15/9/2021,107.67,35.98,181.62,3029.11,408.27,494589.8,290.38,15818.96
16/9/2021,106.65,36.7,184.58,3056.51,423.79,495238.6,296.59,15843.24
17/9/2021,108.01,37.37,187.04,3035.77,420.15,486558.1,296.92,15895.56
20/9/2021,108.52,35.67,176.91,2846.64,413.25,477520.4,283.65,15281.91
21/9/2021,109.71,36.19,176.07,2813.32,413.83,478331.6,287.86,15474.67
22/9/2021,108.01,36.39,177.78,2816.13,433.56,484464.9,290.01,15737.54
23/9/2021,108.69,37.06,179.57,2832.42,443.91,486055.1,321.63,15773.12
24/9/2021,108.86,36.29,175.24,2742.37,454.06,485714.4,310.2,16207.41
27/9/2021,109.03,37.16,178.28,2806.35,465.94,477309.2,288.8,16562.58
28/9/2021,107.67,36.34,166.57,2645.21,481.08,460029.1,256.04,16273.75
29/9/2021,108.18,34.95,164.4,2605.52,473.22,460807.9,254.41,16352.24
30/9/2021,107.84,35.1,168.57,2598.85,432.99,457432.8,259.14,16230.22
1/10/2021,108.69,35.88,169.07,2620.18,438.54,469083.1,227,16224.78
4/10/2021,108.86,34.38,154.15,2537.98,438.54,459363.9,222.84,16356.84
5/10/2021,108.35,34.64,158.44,2550.13,427.24,468531.3,212.5,16337.17
6/10/2021,108.69,34.59,165.07,2533.69,432.22,475589.6,202.36,16382.38
7/10/2021,108.69,35.52,169.28,2549.24,431.65,478412.8,207.1,16609.67
8/10/2021,108.86,35.41,168.03,2557.53,436.24,478412.8,205.06,16439.72
11/10/2021,108.69,35.57,172.41,2637.81,425.51,477406.6,206.74,16574.71
12/10/2021,109.54,35.52,175.36,2604.04,436.44,475216.1,204.02,16863.12
13/10/2021,108.52,35.77,182.53,2726.08,430.5,480781.7,207.99,16975.3
14/10/2021,108.52,36.13,182.91,2722.67,442.76,491230.9,212.18,17126.83
15/10/2021,105.97,36.13,187.12,2714.53,460.58,493599.8,202.44,17643.99
18/10/2021,105.46,36.86,186.62,2755.11,541.23,498597.4,207.81,18210.76
19/10/2021,108.18,38.2,206.63,2766.51,508.09,500122.6,200.69,18088.53
20/10/2021,107.84,37.16,205.59,2732.89,504.83,498791.9,171.07,18120.55
21/10/2021,107.5,36.34,206.67,2691.27,503.3,504227.7,173.49,18710.76
22/10/2021,107.5,34.95,200.88,2514.88,509.43,501631.4,168.2,19038.93
25/10/2021,108.35,35.36,208.63,2576.64,514.03,499960.1,169.19,21449.56
26/10/2021,107.84,33.97,207.84,2633.96,503.68,503173.2,168.74,21314.98
27/10/2021,108.86,33.51,200.92,2569.83,489.89,524363.6,176.94,21721.64
28/10/2021,108.86,34.85,208.13,2708.16,503.68,526278.4,188.27,22541.65
29/10/2021,106.14,35,210.96,2717.93,507.13,538074.5,186.04,23315.19
1/11/2021,107.84,36.29,214.67,2963.5,544.49,534423.8,215.56,25294.89
2/11/2021,108.86,36.96,205.59,3065.69,548.51,540524.2,244.13,24529.09
3/11/2021,108.01,37.27,222.26,3233.65,585.49,541936,244,25405.19
4/11/2021,104.78,37.01,226.72,3226.39,588.94,545895,224.26,25741.1
5/11/2021,107.16,36.19,207.54,3158.41,600.43,545278.6,198.99,25577.44
8/11/2021,106.82,36.91,218.34,3238.24,598.13,546787.4,216.27,24339.47
9/11/2021,108.86,36.44,213.84,3059.92,586.45,545099.9,211.63,21421.09
10/11/2021,108.35,35.67,204.79,2950.17,571.31,536743.9,205.24,22351.4
11/11/2021,108.86,35.93,209,3026.15,591.81,539388.5,211.73,22258.48
12/11/2021,108.69,36.96,210.96,2993.27,583.57,546349.3,212.36,21628.71
15/11/2021,110.22,36.19,206.75,3097.54,594.88,545294.8,215.56,21209.5
16/11/2021,109.54,35.82,207.04,3068.51,618.63,550876.4,213.11,22074.71
17/11/2021,110.22,34.79,197.75,3110.27,590.85,551249.8,229.99,22792.17
18/11/2021,109.37,34.18,189.45,3112.05,715.96,554744.4,238.81,22946.42
19/11/2021,111.75,34.07,183.08,3388.72,665,557735.6,240.42,23797.82
22/11/2021,118.72,33.81,171.9,3666.42,646.99,552403.8,259.99,24212.43
23/11/2021,119.4,33.45,164.78,3168.03,644.31,548908.6,250.89,23211.18
24/11/2021,120.76,33.4,167.07,3136.64,615.76,549282.5,250.09,23357.05
25/11/2021,118.47,33.4,167.07,3136.64,615.76,549282.5,250.09,23357.05
26/11/2021,112.68,31.6,168.95,2958.02,583.96,535904.4,272.46,22643.78
29/11/2021,114.43,31.6,172.07,2991.93,569.97,547201.8,242.45,23796.36
30/11/2021,114.08,30.88,169.9,2906.03,546.02,537383.9,260.79,23958.98
1/12/2021,117.59,29.07,150.4,2663.58,520.73,536554.9,240.81,22917.54
2/12/2021,118.64,29.74,151.94,2689.05,530.7,535595.7,202.46,22699.88
3/12/2021,117.77,27.89,149.73,2553.24,513.45,525062.3,200.6,21242.57
6/12/2021,116.89,28.35,157.19,2475.18,519.78,530231.3,177.32,21117.83
7/12/2021,116.54,29.69,164.44,2633.51,533.19,544422.2,228.56,22012.35
8/12/2021,116.01,30,180.12,2571.9,523.8,544503.6,227.19,22372.54
9/12/2021,115.49,28.97,171.4,2306.93,513.07,541464,221.73,21008.79
10/12/2021,118.47,28.3,168.57,2355.07,512.11,556808.9,208.2,21285.68
13/12/2021,108.46,26.8,168.03,2027.31,478.01,551704.5,211.32,20226.24
14/12/2021,108.64,26.34,164.19,2187.41,496.79,533726.4,210.54,20060.9
15/12/2021,108.11,26.49,166.36,2200.74,481.95,543983.3,224.36,20426.75
16/12/2021,108.82,25.77,161.28,2141.5,467.69,528134.3,243.65,19399.75
17/12/2021,111.62,26.55,169.57,2305.16,473.08,526346.5,271.65,19518
20/12/2021,109.17,25.62,159.15,2327.37,454.2,520022.9,252.44,18835.07
21/12/2021,110.22,26.49,169.2,2341.89,478.67,532019.6,238.84,19642.74
22/12/2021,110.57,26.24,165.24,2280.87,479.25,541626.3,229.13,21114.9
23/12/2021,111.62,26.34,164.15,2253.32,484.45,544048.3,221.56,22331.52
24/12/2021,111.62,26.34,164.15,2253.32,484.45,544048.3,221.56,22331.52
27/12/2021,112.85,25.36,157.36,2196.59,497.36,556662.4,197.25,22895.35
28/12/2021,113.2,24.74,151.15,2169.19,501.99,554711.9,194.8,22780.87
29/12/2021,111.97,23.71,146.27,2279.83,519.91,555849.7,191.56,22733.15
30/12/2021,113.03,24.33,155.19,2300.56,517.21,551574.8,193.54,22401.42
31/12/2021,113.03,24.12,147.77,2197.78,504.49,546698.2,178.84,22117.62
3/1/2022,114.26,25.21,151.31,2263.69,527.62,544145.9,178.62,25110.5
4/1/2022,116.01,24.9,143.77,2205.48,541.3,534815.4,173.06,24060.07
5/1/2022,115.84,23.71,133.97,1916.08,509.5,514284.8,153.01,22773.55
6/1/2022,114.96,23.87,132.43,1940.66,515.28,510221,151.88,22283.38
7/1/2022,115.66,23.45,137.6,2082.7,507.96,510481.3,158.37,21493.51
10/1/2022,115.13,23.04,139.02,1942.44,492.55,510855.1,168.74,22145.67
11/1/2022,116.19,23.61,142.77,1929.85,515.09,512009.2,163.35,22277.1
12/1/2022,114.78,23.35,138.43,1896.67,512.97,517357.3,162.71,23152.36
13/1/2022,115.31,23.2,130.97,1814.03,517.21,495461.4,140.48,21589.79
14/1/2022,116.01,23.25,130.14,1727.68,501.99,504239.1,138.53,21967.56
17/1/2022,115.84,23.25,130.14,1727.68,501.99,504239.1,138.53,21967.56
18/1/2022,115.31,22.27,124.84,1613.05,485.99,491966.3,123.05,21567.81
19/1/2022,116.19,22.11,123.05,1578.39,486.96,493071.9,115.41,20838.21
20/1/2022,116.01,21.39,123.88,1520.63,459.21,490259.8,112.95,20851.19
21/1/2022,115.66,20.57,117.13,1575.28,442.06,481205.5,105.81,19755.13
24/1/2022,112.33,20,116.72,1483.3,521.64,481758.3,99.34,19464.21
25/1/2022,113.38,20,110.59,1477.97,517.4,468948.9,96.51,19221.43
26/1/2022,114.78,19.48,106.25,1529.37,501.22,482310.8,98.97,19619.29
27/1/2022,115.31,18.81,102,1385.11,494.67,487398.9,91.15,17352.45
28/1/2022,115.49,18.76,104.42,1450.13,490.23,501085.7,103.65,17713.48
31/1/2022,115.31,20.26,119.47,1613.34,493.32,505507.1,117.12,19604.86
1/2/2022,114.61,21.08,121.72,1667.7,504.88,501898.5,118.97,19490.37
2/2/2022,114.08,20.67,114.13,1481.67,487.34,509538.4,111.8,18954.79
3/2/2022,115.13,19.79,106.54,1469.68,483.1,489690.8,110.61,18650.89
4/2/2022,114.78,20.15,111.63,1515.74,488.31,497314.4,111.66,19324.4
7/2/2022,115.13,20.67,112.17,1515.74,492.93,489203,118.5,18989.95
8/2/2022,114.43,21.91,115.09,1712.13,507.58,495071.3,104.31,19296.78
9/2/2022,115.13,22.94,121.51,1840.84,522.22,505880.9,114.74,19506.07
10/2/2022,114.08,22.42,119.3,1813.88,512.39,491527.4,110,18931.56
11/2/2022,115.49,22.11,117.38,1840.24,490.62,479596.3,113.05,17999.16
14/2/2022,112.85,22.89,117.51,1734.2,471.73,479531.2,100.14,18329.01
15/2/2022,112.68,24.74,122.97,1868.53,490.04,488422.8,108.91,19305.77
16/2/2022,114.08,25.1,120.59,1900.67,503.14,487853.9,108.19,19325.86
17/2/2022,113.2,24.33,80.03,1827.8,485.61,473568.4,104.3,18341.36
18/2/2022,113.2,23.97,77.95,1799.96,495.24,469007.4,102.36,17935.95
21/2/2022,111.8,23.97,77.95,1799.96,495.24,469007.4,102.36,17935.95
22/2/2022,112.33,23.25,78.95,1748.57,470.58,468665.4,99.24,17194.01
23/2/2022,112.15,23.25,73.57,1701.32,445.91,456530.3,91.86,15990.79
24/2/2022,112.33,24.43,78.2,1845.13,484.65,479856.1,99.94,16759.52
25/2/2022,114.08,24.54,77.91,1756.27,507.96,484286.7,102.04,16949.98
28/2/2022,115.66,24.59,77.53,1826.77,499.48,486697.4,104.21,18217.45
1/3/2022,115.31,24.12,75.16,1762.78,472.7,480442.3,104.68,18090.63
2/3/2022,115.49,24.43,74.86,1806.48,504.69,488977.8,107.99,18415.44
3/3/2022,116.08,24.07,69.32,1753.75,501.6,482022.3,100.66,17565.72
4/3/2022,115.18,23.51,64.15,1653.78,477.9,472151.5,89.65,17544.79
7/3/2022,114.81,23.71,62.53,1471.46,412.77,454314.8,87.16,16839.26
8/3/2022,114.27,24.07,62.44,1525.66,446.3,449330.7,90.99,17254.08
9/3/2022,119.17,24.79,65.07,1558.25,465.57,469936.1,98.84,17977.61
10/3/2022,114.63,24.28,61.23,1489.38,477.13,465196.1,97.21,17545
11/3/2022,117.53,22.99,57.9,1372.81,455.55,456204.6,91.24,16646.09
14/3/2022,117.53,21.39,55.44,1156.87,461.47,450291.5,89.91,16039.56
15/3/2022,116.08,21.65,57.11,1223.97,482.23,467736.9,92.25,16782.96
16/3/2022,114.45,22.99,64.32,1286.47,519.67,479530.1,96.86,17585.39
17/3/2022,117.72,23.92,68.36,1298.91,530.53,480882.2,99.04,18241.94
18/3/2022,117.35,32.01,71.15,1344.67,536.15,489368.6,102.88,18949.14
21/3/2022,116.26,31.86,69.15,1395.18,519.47,487299.9,98.2,19279.19
22/3/2022,116.45,30.88,72.2,1823.8,521.8,495281.8,104.75,20803.26
23/3/2022,116.08,32.89,71.49,2088.33,499.1,487837.6,100.22,20910.63
24/3/2022,116.26,35.41,73.36,2108.91,511.13,495346.9,101.81,21220.59
25/3/2022,116.26,33.81,69.53,2250.5,508.03,494662.6,92.66,21151.94
28/3/2022,116.08,35.67,72.24,2807.98,496.19,506097.4,92.31,22851.4
29/3/2022,116.99,36.13,76.91,2664.47,515.98,513769.4,98.54,23013.18
30/3/2022,116.99,35.1,74.45,2471.19,496,511245,93.44,22896.4
31/3/2022,117.72,33.76,72.45,2467.19,472.53,502204.6,92.06,22553.37
1/4/2022,118.44,32.42,77.99,2443.79,470.2,504012.4,92.9,22699.66
4/4/2022,117.9,35.46,80.66,2528.65,476.6,513052.8,94.11,23973.42
5/4/2022,118.26,34.48,76.74,2274.79,478.93,506390.5,81.54,22839.26
6/4/2022,118.26,33.87,73.78,2319.97,464.19,487853.9,78.05,21886.98
7/4/2022,119.35,34.74,73.91,2221.62,449.25,490900.1,74.38,22127.67
8/4/2022,118.44,32.78,75.53,2165.19,460.31,483732.8,75.79,21462.75
11/4/2022,117.9,31.8,77.37,2176.15,474.66,464658.4,71.92,20425.49
12/4/2022,117.9,31.75,76.41,2145.64,479.9,459446.1,72.63,20656.13
13/4/2022,119.17,31.29,79.45,2231.99,500.85,468502.8,77.71,21397.45
14/4/2022,119.17,31.96,78.7,2233.03,500.46,455813.6,73.19,20615.32
15/4/2022,119.17,31.96,78.7,2233.03,500.46,455813.6,73.19,20615.32
18/4/2022,119.17,30.93,79.57,2095.14,497.55,456937.5,68.95,21019.05
19/4/2022,119.71,31.86,82.08,2258.21,520.05,464723.7,68.24,21518.41
20/4/2022,121.71,30.88,74.53,2204.59,512.88,466450.4,67.11,20452.07
21/4/2022,121.16,29.12,71.15,2096.62,499.69,457409.9,61,21113.02
22/4/2022,119.71,28.45,70.95,2047.15,470.78,446366,58.31,21034.95
25/4/2022,117.9,28.66,75.45,2013.53,485.14,457263.2,62.76,20887.82
26/4/2022,117.9,27.22,69.28,1889.86,471.95,440159.8,59.27,18342.82
27/4/2022,118.26,26.8,67.99,1923.04,478.15,461335.4,58.07,18449.35
28/4/2022,118.08,27.63,71.28,1915.19,499.1,471776.5,55.34,18365.63
29/4/2022,118.26,26.65,66.28,1852.39,468.84,452050.8,56.34,18224.36
2/5/2022,117.9,27.58,69.2,1770.93,481.84,463371.6,67.19,18897.86
3/5/2022,118.44,28.66,69.61,1783.67,470.78,458989.9,73.61,19029.93
4/5/2022,118.62,29.95,70.28,1882.16,491.93,472346.8,78.41,19937.63
5/5/2022,117.53,28.92,57.57,1764.41,462.05,451774,73.32,18277.1
6/5/2022,117.72,27.94,54.69,1698.8,448.48,447506.1,71.63,18117.41
9/5/2022,116.45,25,48.94,1463.16,434.12,430973,66.57,16473.63
10/5/2022,118.8,25.41,46.44,1384.81,432.18,438987.1,67.32,16744.24
11/5/2022,122.25,19.9,41.85,1204.56,393.58,424408.5,53.65,15362.07
12/5/2022,121.89,20.05,44.81,1326.61,411.23,415938.2,59.97,15236.5
13/5/2022,121.89,22.11,51.19,1457.24,418.02,425337.1,64.86,16106.95
16/5/2022,122.43,22.68,47.98,1359.63,405.8,425955.9,60,15160.53
17/5/2022,122.43,23.81,49.31,1486.71,413.17,434621.7,64.94,15939.93
18/5/2022,121.52,23.35,46.1,1354.89,369.14,414879.4,65.14,14855.8
19/5/2022,120.8,22.78,50.52,1469.09,375.54,413344.5,73.04,14847.63
20/5/2022,125.15,22.37,49.73,1416.8,352.26,412397.4,66.77,13894.93
23/5/2022,123.52,22.37,49.4,1423.76,356.34,425607.2,64.25,14125.15
24/5/2022,133.86,21.39,44.64,1320.38,341.59,423925.7,58.17,13146.92
25/5/2022,140.04,21.49,46.85,1705.76,372.63,428660.9,57.66,13788.2
26/5/2022,140.04,22.58,51.94,1902.6,444.6,434179.8,58.84,14812.26
27/5/2022,145.46,23.71,54.94,2032.19,454.68,446165.2,69.11,15898.49
30/5/2022,138.54,23.71,54.94,2032.19,454.68,446165.2,69.11,15898.49
31/5/2022,138.54,23.81,54.4,1847.5,458.76,443928.3,69.16,15869.82
1/6/2022,139.66,23.04,52.61,1798.03,452.55,444826.1,67.05,15495.39
2/6/2022,141.16,24.48,54.23,1984.65,461.86,448353.4,69.96,16220.18
3/6/2022,145.08,24.43,51.81,1980.21,462.05,440907.4,55.95,14724.78
6/6/2022,145.08,24.85,51.81,1897.27,469.04,438833.6,59.42,14961.07
7/6/2022,147.14,25.26,52.61,2169.79,474.47,444956.9,59.42,14999.16
8/6/2022,144.9,25.77,55.69,2054.71,470.2,441544,62.64,15186.27
9/6/2022,143.03,24.95,51.73,1910.3,464.77,432367.5,51.85,15050.65
10/6/2022,142.09,24.23,48.02,1911.93,446.92,413099.6,50.77,14581.2
13/6/2022,142.09,23.14,43.18,1751.38,411.62,395578.9,45.35,13545.63
14/6/2022,149.38,25.57,42.43,1868.68,425.93,399220.2,48.39,13869.19
15/6/2022,145.27,27.22,45.69,1914.89,428.27,411091.1,51.54,14629.55
16/6/2022,142.09,27.06,42.73,1862.16,387.05,400003.9,47.07,13380.07
17/6/2022,151.44,27.63,45.6,2001.53,388.22,404380.1,50.3,13609.88
20/6/2022,151.25,27.63,45.6,2001.53,388.22,404380.1,50.3,13609.88
21/6/2022,156.68,29.23,48.06,2077.66,389.39,414324.3,51.71,14883.01
22/6/2022,154.99,28.45,48.6,2050.71,381.77,413328.2,56.85,14823.36
23/6/2022,153.12,27.68,52.73,2103.43,372.59,422684.7,64.76,14759.52
24/6/2022,148.26,27.32,55.02,2002.57,409.51,437119,64.59,15427.38
27/6/2022,151.63,27.42,54.65,1920.82,394.67,432530.6,67.28,15377.98
28/6/2022,154.25,26.24,50.94,1842.17,378.64,418798.3,63.82,14608.41
29/6/2022,152.94,24.38,49.94,1819.66,367.9,424970.6,64.81,14346.38
30/6/2022,153.31,23.92,48.4,1811.36,357.93,419369.9,64.29,14094.18
1/7/2022,153.12,23.92,50.23,1827.95,351.1,423860.3,71.44,14269.36
4/7/2022,151.07,23.92,50.23,1827.95,351.1,423860.3,71.44,14269.36
5/7/2022,151.44,24.69,54.19,1780.71,367.31,429199.8,80.36,14633.73
6/7/2022,150.69,24.33,53.06,1739.23,343.09,434686.1,79.42,14550.02
7/7/2022,152,25.21,58.44,2001.24,350.51,438261.9,91.42,15354.33
8/7/2022,152.75,25.57,56.27,1903.78,350.12,437053.6,95.15,15744.87
11/7/2022,150.51,24.64,48.4,1926.74,333.51,431910.3,83.94,14713.89
12/7/2022,150.69,25.62,49.48,2030.86,330.19,414209.9,87.2,14633.95
13/7/2022,144.15,25.82,48.35,2092.47,327.85,412658.7,87.44,14883.21
14/7/2022,144.15,25.15,47.1,2017.23,317.69,414879.4,64.52,14963.16
15/7/2022,147.89,25.57,48.52,2097.8,324.52,419190.1,68.04,15073.25
18/7/2022,148.45,25.72,50.81,2171.86,340.15,415157,64.96,15103.39
19/7/2022,147.7,27.27,47.73,2246.8,354.81,423778.6,72.5,15416.29
20/7/2022,144.34,28.3,50.4,2351.22,362.62,428252.6,74.46,15539.97
21/7/2022,145.65,29.59,52.52,2273.02,364.38,432449.3,73.69,17059.86
22/7/2022,144.71,28.09,47.98,2119.72,357.35,425134,68.56,17093.55
25/7/2022,145.83,26.96,47.64,2013.09,353.64,422635.7,69.39,16854.33
26/7/2022,144.9,26.6,44.52,1921.26,328.04,411319.8,70.69,16253.24
27/7/2022,149.01,27.37,46.27,2001.24,340.94,438817.3,70.51,17255.34
28/7/2022,148.82,28.09,47.56,2004.79,340.94,451341.3,71.39,17637.09
29/7/2022,147.7,28.4,47.39,2014.86,344.84,458411.7,68.14,18657.39
1/8/2022,148.82,28.66,47.94,2060.48,348.36,453954,67.4,18665.34
2/8/2022,149.2,29.69,51.31,2123.28,336.25,448745.3,71.82,18873.17
3/8/2022,149.38,31.13,55.06,2247.1,354.03,461236.5,76.39,19300.75
4/8/2022,153.12,30.36,48.27,2272.57,345.23,463163.2,77.41,19378.4
5/8/2022,152.56,31.55,46.98,2370.92,348.56,461954.9,75.34,18093.55
8/8/2022,150.13,32.16,50.19,2574.12,366.92,457726,71.56,18235.04
9/8/2022,150.88,30.93,47.39,2391.65,342.5,460959.1,50.35,17789.87
10/8/2022,149.38,33.66,49.35,2401.13,357.54,472160.3,51.7,18482
11/8/2022,150.88,32.89,48.15,2337.15,381.58,468666.1,50.42,17996.86
12/8/2022,150.88,35.15,50.81,2413.57,389.98,476650.7,51.84,18838.22
15/8/2022,151.07,35.36,50.6,2350.77,389.98,479198.1,52.88,19421.51
16/8/2022,153.31,35.98,49.52,2499.47,412.45,477957.1,53.6,19248.43
17/8/2022,151.44,34.54,46.6,2400.54,399.16,476699.9,49.21,19087.27
18/8/2022,150.69,35.67,46.31,2247.1,397.01,474817.9,46.47,19016.54
19/8/2022,150.13,32.01,43.06,2161.79,379.04,468239.8,45.27,18627.04
22/8/2022,150.69,29.9,41.06,2043.89,363.6,454494.6,44.34,18203.01
23/8/2022,150.69,28.81,39.68,1986.43,377.28,452350.9,45.69,18613.65
24/8/2022,152.38,29.38,39.89,1925.41,362.43,451287.5,46.34,18654.04
25/8/2022,155.55,30.52,40.81,1893.42,372.39,456294.8,46.56,18589.58
26/8/2022,154.81,30.05,38.64,1832.99,361.06,438687.7,44,18088.54
29/8/2022,153.96,29.38,38.14,1869.13,352.85,434007.6,45.34,17883.22
30/8/2022,153,28.25,39.56,1767.82,347.97,430309.4,44.02,17436.16
31/8/2022,154.73,27.89,38.97,1696.73,338.4,427854.9,41.3,17304.95
1/9/2022,150.3,27.42,36.56,1636.89,333.32,426103.9,39.94,17402.25
2/9/2022,150.88,27.16,35.31,1620.9,334.1,419002.4,37.99,16965.88
5/9/2022,151.07,27.16,35.31,1620.9,334.1,419002.4,37.99,16965.88
6/9/2022,148.19,26.24,37.43,1489.38,328.82,414404.2,35.66,17230.21
7/9/2022,147.99,26.91,37.72,1424.21,339.37,422324.3,38.27,17812.89
8/9/2022,150.88,27.42,37.93,1530.25,343.48,423027.8,37.85,18161.99
9/9/2022,151.26,27.99,40.81,1713.32,355.79,432747.6,39.65,18816.23
12/9/2022,152.8,28.71,43.77,1732.27,358.52,436331.1,41.25,19113.85
13/9/2022,154.15,27.22,40.23,1649.93,334.68,412342.4,38.47,18342.18
14/9/2022,152.61,27.37,40.35,1666.51,327.02,412718.8,40.69,19000.21
15/9/2022,143.76,27.42,41.1,1694.95,328.59,401526.2,40.69,19071.79
16/9/2022,143.95,26.91,38.68,1696.73,329.58,400478.9,38.01,19046.68
19/9/2022,138.76,26.7,38.85,1715.69,334.9,400118.9,35.54,19405.82
20/9/2022,142.22,26.08,37.43,1631.56,326.42,396731.7,34.32,19384.47
21/9/2022,140.49,25.52,36.47,1591.27,324.45,391004.5,32.34,18886.57
22/9/2022,139.72,25.26,35.18,1463.31,311.43,394326.3,28.05,18119.93
23/9/2022,135.87,24.95,34.97,1483.45,310.05,389319.1,26.25,17287.36
26/9/2022,134.71,24.28,34.14,1450.28,299.99,388549.9,23.59,17330.05
27/9/2022,136.64,24.64,35.39,1548.03,312.03,386848.2,25.05,17765.17
28/9/2022,137.6,25.1,37.22,1617.93,326.03,394473.6,24.51,18070.95
29/9/2022,134.14,23.81,37.43,1508.33,312.42,388631.8,23.21,16840.3
30/9/2022,134.91,23.66,38.18,1488.78,309.07,381104.6,22.75,16654.46
3/10/2022,137.99,24.12,36.85,1503.59,317.35,393933.6,23.25,15219.75
4/10/2022,137.79,26.13,39.39,1635.11,341.22,407253.4,24.25,15661.78
5/10/2022,136.25,26.19,38.85,1563.43,345.75,407777,23.37,15119.92
6/10/2022,136.45,25.15,39.14,1539.73,345.75,403833.4,22.6,14951.65
7/10/2022,138.95,23.97,35.97,1501.82,343.98,383297.3,20.38,14006.07
10/10/2022,137.99,23.45,33.72,1481.08,338.65,375131.9,22.22,13999.16
11/10/2022,133.94,23.09,32.43,1497.08,345.95,368848.4,23.71,13593.55
12/10/2022,133.94,23.14,32.56,1502.41,347.53,369404.8,25.3,13640.02
13/10/2022,133.94,24.28,32.39,1514.26,355.02,383297.3,26.6,13921.3
14/10/2022,134.71,23.35,31.01,1459.16,344.37,374002.9,24.59,12870.86
17/10/2022,136.83,24.12,33.85,1537.96,359.76,388680.9,25.4,13772.5
18/10/2022,137.22,25.36,34.93,1580.02,374.15,390268.1,23.27,13825.24
19/10/2022,141.45,26.24,32.81,1453.83,370.01,386962.7,22.41,13941.39
20/10/2022,142.8,26.29,33.14,1446.13,366.46,386422.7,21.47,13014.65
21/10/2022,142.03,27.27,34.89,1498.86,383.82,396191.7,24.17,13464.21
24/10/2022,147.42,26.6,34.18,1463.9,392.5,404586.1,26.01,13263.92
25/10/2022,146.26,27.94,36.56,1591.87,405.71,410166.1,28.22,13964.94
26/10/2022,144.72,28.56,35.72,1505.96,410.25,378519.2,28.51,14104.64
27/10/2022,147.03,27.94,35.43,1536.18,412.81,371041.1,27.86,14132.9
28/10/2022,145.88,28.4,35.76,1668.88,414.39,385964.5,28.77,14348.26
31/10/2022,145.88,27.58,35.39,1677.18,411.24,379844.6,27.84,14286.73
1/11/2022,149.34,28.25,35.56,1681.92,410.45,373364.7,27.5,14304.31
2/11/2022,150.69,28.04,32.93,1577.06,385.99,360159.4,25.63,13498.11
3/11/2022,159.35,28.3,36.6,1557.51,389.54,350586.8,25.21,13518.84
4/11/2022,170.51,29.43,36.1,1570.54,386.38,362270.3,24.25,13026.58
7/11/2022,172.63,29.54,36.47,1526.11,386.19,372873.8,24.29,12374.21
8/11/2022,176.67,29.33,35.26,1489.38,388.95,374510.1,24.56,12011.3
9/11/2022,179.75,22.42,33.47,1369.11,369.82,367375.6,23.29,11150.48
10/11/2022,178.59,22.63,39.93,1473.97,397.63,397598.9,27.67,11974.88
11/11/2022,180.52,22.84,41.52,1546.25,414.39,404357.1,31.3,12304.52
14/11/2022,177.44,23.87,39.85,1543.29,404.73,395259,28.85,11989.32
15/11/2022,177.05,24.64,44.6,1634.52,422.87,395946.3,29.02,12207.2
16/11/2022,174.74,23.45,40.73,1607.86,388.75,396666.3,26.84,11736.29
17/11/2022,179.17,23.51,37.81,1644.59,447.13,396584.2,25.99,11500.84
18/11/2022,180.32,23.25,37.22,1635.11,438.45,395829.4,24.57,11313.73
21/11/2022,184.56,22.37,35.01,1490.56,447.33,397191.3,23.69,10540.18
22/11/2022,177.05,22.37,34.85,1558.1,465.67,402081.4,21.15,10668.27
23/11/2022,170.89,22.47,35.81,1581.8,461.92,406265.8,21.29,11502.72
24/11/2022,163.58,22.47,35.81,1581.8,461.92,406265.8,21.29,11502.72
25/11/2022,169.16,22.32,35.64,1550.4,466.46,406118.1,20.67,11481.37
28/11/2022,164.14,21.75,36.35,1498.26,456.4,396715.4,20.8,11485.14
29/11/2022,165.93,21.6,36.68,1516.63,463.31,394368.9,21.04,11353.91
30/11/2022,167.51,21.8,40.27,1552.77,463.5,418671.3,20.61,12224.78
1/12/2022,167.11,21.39,41.93,1575.87,457.19,417932.9,21.06,12224.78
2/12/2022,167.91,21.29,42.52,1630.38,462.71,418474.4,20.65,12234.82
5/12/2022,168.3,20.88,40.31,1514.26,447.53,410565.1,22.01,11455.63
6/12/2022,162.36,20.46,38.97,1385.7,444.37,402229.1,20.97,11290.5
7/12/2022,159.59,20.05,39.97,1318.76,452.85,400998.3,21.52,10927.58
8/12/2022,158.4,20.21,41.48,1468.64,453.25,405970.4,21.65,10889.91
9/12/2022,169.29,19.79,39.68,1340.68,435.3,402721.3,20.64,11242.15
12/12/2022,167.31,19.18,39.93,1343.05,436.28,414355.6,20.46,10537.04
13/12/2022,169.49,18.71,40.23,1244.11,423.86,421592.1,21.51,10105.69
14/12/2022,169.29,17.78,39.6,1247.07,432.29,422084.4,21.54,9845.12
15/12/2022,170.28,16.08,37.1,1219.23,417.19,408612.3,14.15,9899.75
16/12/2022,169.09,16.29,37.52,1232.26,405.27,401523.4,13.79,9432.61
19/12/2022,167.31,15.88,35.64,1180.13,399.71,394565.8,12.9,9410
20/12/2022,167.51,15.88,35.06,1200.27,400.5,396781.1,13.15,8652.15
21/12/2022,169.29,16.29,35.35,1218.04,405.67,401096.8,12.97,8637.71
22/12/2022,170.68,16.13,33.76,1173.61,397.72,390857.3,12.84,7870.45
23/12/2022,172.46,15.93,33.18,1189.61,403.29,391743.4,12.07,7732.31
26/12/2022,172.46,15.93,33.18,1189.61,403.29,391743.4,12.07,7732.31
27/12/2022,171.87,15.26,31.18,1078.23,405.27,388838.9,11.07,6850.14
28/12/2022,171.67,14.79,31.05,1061.64,398.32,384851.4,11.32,7076.81
29/12/2022,176.82,15.72,33.97,1085.93,406.46,395484.8,12.15,7648.8
30/12/2022,172.86,15.72,34.14,1093.63,410.24,393532,12.85,7734.2
2/1/2023,172.86,15.72,34.14,1093.63,410.24,393532,12.85,7734.2
3/1/2023,168.7,16.03,33.68,1018.98,399.91,393138.2,12.24,6787.36
4/1/2023,166.32,16.96,35.1,1026.09,424.34,375941.1,14.16,7135.2
5/1/2023,167.31,16.96,34.35,960.93,428.32,364799,14.64,6928
6/1/2023,167.11,16.7,35.35,975.14,439.64,369098.3,13.78,7098.79
9/1/2023,164.74,17.27,36.77,970.41,405.87,372692,15.32,7520.09
10/1/2023,165.33,17.78,36.93,1052.75,414.41,375530.8,15.51,7462.32
11/1/2023,164.14,17.73,38.6,1127.99,441.43,386886.2,14.82,7736.71
12/1/2023,167.71,18.4,40.1,1222.19,451.96,391382.4,14.75,7758.05
13/1/2023,169.29,18.66,40.27,1213.9,457.12,392563.9,15.36,7685.22
16/1/2023,170.68,18.66,40.27,1213.9,457.12,392563.9,15.36,7685.22
17/1/2023,168.5,18.92,42.35,1291.5,454.94,394401.8,15.55,8255.96
18/1/2023,171.27,17.99,42.89,1231.67,458.51,386951.8,15.6,8085.81
19/1/2023,171.67,16.96,41.18,1127.99,452.55,380584.9,14.52,7984.72
20/1/2023,171.87,17.63,42.68,1161.76,452.16,394188.4,14.44,8377.14
23/1/2023,170.28,18.35,44.27,1283.21,464.87,398061.1,14.9,9025.74
24/1/2023,169.49,18.04,42.73,1267.81,459.51,397174.9,14.44,9034.53
25/1/2023,166.72,17.63,41.48,1198.49,464.47,394828.4,13.89,9068.44
26/1/2023,165.33,17.58,42.85,1185.46,466.26,406955,13.72,10063
27/1/2023,164.34,18.14,43.98,1351.93,458.51,407217.5,14.11,11169.95
30/1/2023,163.15,17.27,42.06,1258.92,463.28,398274.4,13.31,10464.21
31/1/2023,173.85,18.61,43.14,1295.65,469.44,406643.2,13.64,10876.1
1/2/2023,170.48,19.64,44.64,1293.28,477.39,414749.5,14.04,11390.33
2/2/2023,171.47,20.62,49.6,1344.82,484.94,434194.9,15.01,11821.05
3/2/2023,173.45,20.77,47.19,1318.16,485.93,423938.9,14.04,11928.42
6/2/2023,170.28,19.85,45.35,1413.54,479.17,421346.1,13.86,12228.55
7/2/2023,171.87,19.59,46.23,1257.14,476.59,439052,13.61,12357.26
8/2/2023,170.68,19.43,44.81,1250.03,439.84,437689.9,13.05,12638.55
9/2/2023,173.85,18.61,42.56,1165.32,439.64,432586.8,12.22,13017.16
10/2/2023,169.49,18.45,41.14,1141.62,439.04,431733.4,12.35,12362.29
13/2/2023,172.06,18.3,52.52,1166.5,444.21,445222,12.22,12221.01
14/2/2023,171.87,18.81,55.98,1177.16,445.8,446616.6,12.41,13138.34
15/2/2023,173.85,19.64,57.82,1291.5,452.55,443055.9,12.74,13451.65
16/2/2023,172.26,18.87,66.94,1279.66,442.82,431260.4,12.49,12685.64
17/2/2023,173.85,18.97,66.28,1302.76,442.42,424532.2,12.53,13079.32
20/2/2023,173.65,18.97,66.28,1302.76,442.42,424532.2,12.53,13079.32
21/2/2023,175.23,18.2,59.65,1223.97,413.62,415665.1,11.74,12392.42
22/2/2023,175.23,18.4,61.98,1215.67,414.01,413756.8,11.38,12611.55
23/2/2023,178.6,18.4,61.44,1193.16,412.03,419119.8,11.34,12687.52
24/2/2023,180.78,18.14,57.98,1157.61,408.65,409989.5,11.02,12361.66
27/2/2023,182.56,17.78,57.4,1131.55,405.47,411535.9,10.84,13036.63
28/2/2023,175.43,17.84,57.9,1139.25,406.46,410318.5,11.57,12916.07
1/3/2023,172.26,17.94,56.73,1075.27,405.87,405136.5,8.57,12731.48
2/3/2023,172.46,18.81,56.4,1077.64,450.96,413098.7,8.66,11986.18
3/3/2023,173.25,19.64,62.36,1107.85,450.17,419975.2,9.61,12418.79
6/3/2023,176.43,18.56,62.53,1104.89,430.5,422574.6,9.11,12168.9
7/3/2023,173.98,18.66,63.07,1069.93,419.58,418099.8,8.71,11785.89
8/3/2023,171.95,19.48,63.98,1076.45,417.99,417359.5,8.61,11427.38
9/3/2023,170.72,18.2,59.11,1037.94,406.66,415089.3,8.21,10857.26
10/3/2023,171.95,18.09,55.77,1021.95,389.18,408953.1,8.15,10889.91
13/3/2023,166.65,18.04,56.11,992.32,370.51,417721.4,8.56,10955.21
14/3/2023,173.98,17.73,57.73,1001.8,375.18,429023.3,7.84,11506.48
15/3/2023,167.67,17.63,60.73,944.93,376.79,436672.8,7.37,11330.05
16/3/2023,170.52,17.53,67.15,992.92,379.59,454373.9,7.46,11561.11
17/3/2023,171.74,19.28,64.28,983.44,378.39,459687.6,7.44,11309.96
20/3/2023,168.89,18.87,63.9,999.43,370.77,447843,7.47,11505.86
21/3/2023,168.28,19.85,66.94,1045.64,375.78,450393,7.53,12405.61
22/3/2023,168.89,19.12,64.78,1414.14,360.75,447941.8,7.22,12001.88
23/3/2023,166.65,19.33,66.44,1337.71,344.52,456775.8,7.2,12069.07
24/3/2023,164.61,20.21,66.82,1420.65,339.51,461563.2,7.55,11955.42
27/3/2023,165.02,20.05,68.32,1362.6,342.71,454669.9,7.61,12043.32
28/3/2023,164.41,19.85,68.45,1371.48,346.12,452778.3,7.7,11878.82
29/3/2023,165.83,20.52,69.03,1330.6,346.92,461464.4,8.32,12173.29
30/3/2023,168.28,21.34,70.65,1332.97,340.31,467288.1,8.24,12261.2
31/3/2023,169.09,21.13,74.03,1363.78,350.53,474279.8,8.66,13025.95
3/4/2023,169.09,21.91,68.82,1372.67,376.79,472519.4,9.25,12229.18
4/4/2023,168.07,21.03,70.9,1324.09,379.19,472437,9.18,12091.67
5/4/2023,169.3,20.26,65.19,1307.5,367.77,467765.3,9.49,11648.39
6/4/2023,169.3,19.9,65.61,1327.05,370.37,479708.6,10.57,11619.5
7/4/2023,169.3,19.9,65.61,1327.05,370.37,479708.6,10.57,11619.5
10/4/2023,169.3,20.1,65.11,1325.27,370.97,476072.6,10,11584.97
11/4/2023,166.65,20.46,70.4,1344.23,369.17,465281.1,11.3,11728.13
12/4/2023,167.46,19.33,68.4,1318.76,351.33,466366.8,11.3,11335.7
13/4/2023,168.48,19.38,68.45,1335.94,352.13,476813.3,11.9,11672.25
14/4/2023,170.93,18.87,66.4,1330.6,355.54,470726.1,11.45,11615.74
17/4/2023,172.96,18.76,65.57,1319.94,358.15,475102.3,11.82,11743.82
18/4/2023,172.76,18.66,69.82,1280.25,354.74,474395,11.63,11572.41
19/4/2023,170.93,18.4,68.49,1262.47,357.75,474526.3,11.2,11338.84
20/4/2023,168.28,18.14,68.03,1197.9,347.52,470677.1,10.29,10233.78
21/4/2023,169.09,17.73,68.49,1213.9,342.11,470101.1,10.85,10365
24/4/2023,169.3,17.06,66.53,1180.72,341.91,463537.3,10.1,10206.15
25/4/2023,166.04,16.86,62.36,1125.62,327.28,453090.8,9.54,10088.11
26/4/2023,163.39,17.01,61.86,1104.89,325.68,485910.6,9.41,9653.62
27/4/2023,164.61,17.01,62.94,1122.07,325.08,501473.1,9.45,10057.97
28/4/2023,168.89,16.96,61.61,1142.8,327.48,505470.6,9.59,10316.66
1/5/2023,168.89,16.75,61.4,1098.96,321.87,502674,9.65,10160.95
2/5/2023,165.02,16.96,59.15,1100.74,314.26,502427,8.8,10065.51
3/5/2023,165.02,16.65,56.4,1119.7,306.44,500765.4,8.94,10084.34
4/5/2023,163.8,16.6,49.4,1146.36,295.62,502427,9.46,10121.39
5/5/2023,168.48,17.22,49.1,1209.75,308.04,511047.3,9.64,10677.69
8/5/2023,165.22,17.42,51.98,1215.08,302.23,507757.1,9.31,10786.31
9/5/2023,164.41,17.78,51.31,1199.08,300.63,505042.8,11.9,10620.55
10/5/2023,161.76,17.73,54.31,1229.89,296.42,513778.4,11.24,10582.25
11/5/2023,162.37,17.94,54.77,1237,300.43,510159.3,11.11,10804.52
12/5/2023,162.57,18.51,54.06,1225.74,300.43,508283.6,10.56,10547.09
15/5/2023,161.56,19.59,55.06,1280.84,306.64,509089.7,10.14,10444.75
16/5/2023,163.18,20.31,53.61,1302.76,295.82,512840.6,9.55,10455.42
17/5/2023,163.18,22.06,55.31,1354.89,312.85,517677.1,9.69,10916.28
18/5/2023,163.18,22.47,55.19,1365.56,318.06,525129.1,9.27,11106.53
19/5/2023,163.59,22.78,53.73,1306.91,296.42,524832.4,8.94,11310.59
22/5/2023,163.39,24.28,56.11,1434.28,299.62,529514.4,9.42,11858.73
23/5/2023,167.87,24.54,60.36,1372.07,296.02,519754.4,9.99,11664.09
24/5/2023,164.61,25.05,61.78,1378.59,304.23,517430,9.11,11483.88
25/5/2023,166.85,24.95,61.61,1383.33,281.39,537328.9,8.61,11582.46
26/5/2023,167.87,26.13,64.32,1377.41,287.4,548820,9.01,12128.71
29/5/2023,167.87,26.13,64.32,1377.41,287.4,548820,9.01,12128.71
30/5/2023,164.78,26.19,66.36,1455.61,282.79,546050.4,9.29,12630.39
31/5/2023,164.36,25.82,67.86,1424.8,272.37,541401.1,10.06,12804.31
1/6/2023,163.73,25.62,68.11,1427.76,275.57,548309.3,9.65,13029.72
2/6/2023,164.36,26.55,68.74,1459.75,309.04,552958.1,9.52,13434.7
5/6/2023,163.73,26.13,68.61,1440.2,300.63,553848.5,9.81,13663.25
6/6/2023,161.41,27.42,69.57,1462.72,318.66,550122.5,9.04,13895.56
7/6/2023,164.36,27.01,68.78,1546.84,324.88,533141.3,9.59,14100.25
8/6/2023,166.05,27.01,70.4,1270.18,321.07,536241,9.61,14746.34
9/6/2023,167.73,26.44,69.24,1343.64,313.85,538763.5,9.34,15345.33
12/6/2023,163.94,27.22,68.82,1439.61,322.87,547105.8,9.72,15686.27
13/6/2023,162.04,27.68,74.61,1596.61,327.88,551128.4,10.05,16243.82
14/6/2023,159.72,26.65,75.24,1522.55,321.38,556156.9,9.65,16123.27
15/6/2023,159.72,26.96,73.78,1471.6,323.81,573896.4,10.07,16067.39
16/6/2023,160.57,25.98,71.65,1455.01,320.97,564383.6,10.05,16358.73
19/6/2023,159.94,25.98,71.65,1455.01,320.97,564383.6,10.05,16358.73
20/6/2023,159.3,25.36,70.11,1456.2,319.15,557327.3,9.34,17232.1
21/6/2023,160.15,24.18,66.9,1447.31,312.87,549924.9,9.3,16290.91
22/6/2023,159.3,23.87,67.07,1440.8,307.61,560063.9,8.95,16614.28
23/6/2023,157.2,22.99,64.53,1404.07,303.76,552331.9,8.37,16111.35
26/6/2023,157.62,22.22,63.53,1363.78,306.59,541747.6,8.34,15134.99
27/6/2023,157.2,22.73,63.78,1396.96,316.32,551590.1,8.85,15710.13
28/6/2023,159.72,22.58,65.36,1479.9,314.09,553700.4,9.41,16088.74
29/6/2023,162.46,23.76,65.99,1475.16,324.62,552381.4,9.49,16167.85
30/6/2023,168.36,23.81,65.74,1436.65,325.02,561432.4,9.29,16435.96
3/7/2023,168.58,24.59,66.15,1475.75,333.73,557228.3,9.22,17569.28
4/7/2023,169.42,24.59,66.15,1475.75,333.73,557228.3,9.22,17569.28
5/7/2023,168.15,24.59,66.57,1415.91,331.3,557491.9,9.2,17736.29
6/7/2023,164.57,26.08,63.73,1352.52,321.99,562635.9,8.82,17363.33
7/7/2023,163.73,30,65.99,1345.42,322.59,555958.8,9.04,17230.84
10/7/2023,162.67,31.24,70.15,1394.59,326.64,547072.8,11.7,16928.22
11/7/2023,162.89,31.8,72.57,1416.51,333.73,548127.7,12.02,16939.52
12/7/2023,165.62,31.8,71.74,1388.66,327.45,555925.8,11.68,17077.64
13/7/2023,156.14,31.08,75.78,1389.85,319.35,564927.4,11.55,17448.71
14/7/2023,159.3,30.41,72.95,1360.82,315.1,569181.1,10.85,17667.21
17/7/2023,158.04,30.57,74.99,1351.93,322.59,569988.9,10.2,18232.3
18/7/2023,159.51,30.15,78.57,1367.34,321.99,592674.4,10.14,18418.17
19/7/2023,161.62,30.26,80.08,1372.67,329.48,585403.9,10.14,18287.57
20/7/2023,160.36,28.2,73.57,1357.26,330.69,571868.6,10.07,16506.9
21/7/2023,160.36,27.11,71.65,1314.02,325.43,566757.6,10.19,16326.08
24/7/2023,162.25,28.09,72.91,1364.96,332.31,568966.9,9.96,16893.68
25/7/2023,163.94,28.66,72.11,1353.71,326.44,578644.3,10,16656.34
26/7/2023,163.73,28.97,72.74,1344.82,329.68,556865.7,10.27,16597.95
27/7/2023,164.36,29.02,70.61,1316.39,329.07,545242.6,9.81,16055.46
28/7/2023,164.15,28.09,73.66,1299.2,329.48,557855,10.25,16729.17
31/7/2023,169.21,28.3,76.57,1315.2,335.96,553815.5,11.6,16791.33
1/8/2023,171.53,27.89,74.78,1273.73,330.69,554508.2,10.94,16392.01
2/8/2023,169.21,27.11,68.57,1234.04,324.01,539933.9,10.49,15955
3/8/2023,169,26.55,84.37,1239.96,324.21,538548.9,10.29,16282.13
4/8/2023,171.53,26.34,87.45,1242.92,330.29,540395.6,10.07,15939.3
7/8/2023,171.74,27.32,86.45,1248.26,324.82,544237.1,9.4,15787.98
8/8/2023,169.84,27.16,87.16,1228.71,322.59,537543.5,9.04,15678.11
9/8/2023,170.47,24.48,84.95,1180.72,317.73,531245.5,8.9,15206.57
10/8/2023,171.53,24.64,80.49,1196.12,317.94,532399.5,9.61,15404.35
11/8/2023,172.37,26.03,81.7,1196.12,315.51,529234.2,9.2,15235.45
14/8/2023,175.11,25.52,79.62,1182.5,316.72,534229.7,9.05,15054
15/8/2023,173.84,25,78.03,1145.17,308.62,530635.8,9.05,14627.04
16/8/2023,175.74,25,79.49,1101.33,305.78,529349.4,8.91,14164.92
17/8/2023,174.9,24.95,79.7,1088.89,304.57,523533.8,9.21,13764.34
18/8/2023,178.48,24.59,80.37,1087.71,306.19,522873.1,8.93,13530.14
21/8/2023,177,24.54,78.87,1094.82,298.29,531794.6,10.09,14521.55
22/8/2023,189.86,24.43,80.33,1022.54,256.37,532753,11.45,14641.48
23/8/2023,181.01,25.52,87.95,1000.62,254.96,540253.8,11.26,14871.91
24/8/2023,177.64,24.07,84.79,969.22,249.69,528639.1,10.29,14443.7
25/8/2023,175.53,23.66,91.41,1014.84,244.63,533612.1,10.06,14980.54
28/8/2023,178.9,22.94,93.54,1040.9,246.25,534801.6,10.44,14994.98
29/8/2023,178.4,23.2,96.29,1080.6,248.27,542583.2,10.38,16147.75
30/8/2023,178.83,23.61,97.71,1088.3,250.1,543211.3,10.45,16130.17
31/8/2023,181.44,23.04,99.17,1098.96,247.67,541509.4,10,16204.27
1/9/2023,182.96,22.63,100.46,1091.26,246.05,542996.3,10.26,15383.63
4/9/2023,180.79,22.63,100.46,1091.26,246.05,542996.3,10.26,15383.63
5/9/2023,182.53,22.01,100.08,1139.25,243.01,551075.5,11.31,16104.43
6/9/2023,182.09,21.65,99.04,1110.81,239.36,549968.3,12.17,15817.5
7/9/2023,180.57,21.29,97.46,1119.11,235.31,545061.4,11.44,15790.5
8/9/2023,179.49,20.93,95.87,1049.2,239.16,552265,11.21,15602.76
11/9/2023,178.62,21.13,97.83,1008.32,232.28,558328.3,9.77,17177.48
12/9/2023,178.4,21.65,95.12,1020.76,234.1,548134.6,9.89,16794.47
13/9/2023,180.35,21.19,93.16,1055.12,230.05,555222.4,9.2,17034.32
14/9/2023,179.05,21.75,90.12,1085.93,233.4,559583.9,9.99,17331.94
15/9/2023,180.14,21.6,85.62,1079.41,228.88,545573.7,9.64,17228.33
18/9/2023,178.62,21.86,83.12,1039.72,220.45,543657.3,9.26,16656.34
19/9/2023,178.83,22.22,82.03,1037.94,224.56,542979.7,9.6,16732.94
20/9/2023,178.18,21.91,80.7,1037.94,221.07,529960.9,8.81,16487.45
21/9/2023,179.49,21.44,75.82,1008.32,222.71,527912.3,8.51,16054.83
22/9/2023,178.83,21.44,77.12,1017.8,223.33,523748.8,8.91,15375.47
25/9/2023,176.44,21.49,76.12,1046.83,228.26,524624.5,9.14,15507.95
26/9/2023,176.44,21.13,74.07,994.1,222.71,515702.6,8.89,15327.75
27/9/2023,178.62,21.39,76.37,1016.02,224.97,516776.8,8.99,15100.46
28/9/2023,178.18,21.86,78.07,997.66,235.04,518180.9,8.95,15469.65
29/9/2023,179.05,21.7,79.91,975.14,238.53,521667.1,9.05,15710.76
2/10/2023,179.27,20.82,78.49,911.75,237.3,531662.7,8.86,15797.4
3/10/2023,179.05,20.05,73.95,864.95,234.63,517767.8,9.59,15479.07
4/10/2023,182.09,20.21,76.07,880.95,235.86,526962.4,9.16,16397.65
5/10/2023,182.53,20.05,65.69,871.47,228.26,527631.6,8.91,16327.96
6/10/2023,185.57,20.41,67.15,893.39,228.26,540683.4,9.52,16358.1
9/10/2023,186.87,20.36,69.4,912.35,227.44,544913,8.98,16304.09
10/10/2023,186.87,21.29,68.65,947.89,229.08,542550.1,9.22,16552.12
11/10/2023,187.31,21.08,68.61,937.23,225.59,549208.3,9.54,16512.55
12/10/2023,194.26,20.41,65.74,893.98,222.51,547126.6,9.31,16253.88
13/10/2023,194.7,20.15,61.28,883.91,217.17,541459.9,8.81,15767.27
16/10/2023,196,20.72,64.69,854.88,224.77,549571.8,8.29,15943.07
17/10/2023,196.65,20.93,65.36,836.52,235.66,548613.8,8.06,16001.46
18/10/2023,196,20.31,63.03,820.52,234.63,545392.2,8.09,15237.34
19/10/2023,195.13,19.85,61.73,779.64,233.81,547391.2,7.64,13820.21
20/10/2023,197.09,20.26,61.11,796.23,235.66,539708.4,8.04,13310.38
23/10/2023,208.6,20.05,59.36,796.23,232.58,544086.9,7.7,13316.03
24/10/2023,214.78,20.52,62.53,831.78,237.92,546085.9,7.81,13594.81
25/10/2023,220.39,19.54,59.27,812.23,237.71,562838.6,7.84,13337.38
26/10/2023,203.11,19.74,58.98,799.78,243.05,541724.1,8.02,12919.21
27/10/2023,211.05,19.07,58.86,777.27,239.97,544896.4,7.94,13015.91
30/10/2023,229.26,19.38,59.4,758.31,246.96,557287.6,8.15,12391.79
31/10/2023,232.53,19.18,61.15,815.78,250.24,558609.4,8.32,12610.3
1/11/2023,248.87,18.61,59.4,770.76,247.78,571760.4,8.75,12912.93
2/11/2023,248.4,19.59,68.65,808.08,257.44,575477.8,8.93,13719.75
3/11/2023,257.27,20.05,73.2,821.7,266.06,582879.4,8.82,13810.8
6/11/2023,240.93,19.79,69.07,801.56,257.44,589041.9,8.61,13767.47
7/11/2023,239.53,19.54,72.03,808.08,254.97,595650.5,8.86,13950.19
8/11/2023,237.2,19.12,70.9,786.75,237.1,600061.6,8.5,13945.79
9/11/2023,243.27,19.43,68.32,752.39,227.85,595914.8,8.39,13184.18
10/11/2023,240.47,19.54,68.36,742.91,225.38,610751,7.8,13477.39
13/11/2023,236.26,18.14,66.78,719.21,220.66,605811.1,7.84,14046.25
14/11/2023,239.06,19.48,71.03,764.24,241,611742.5,7.8,14906.45
15/11/2023,235.8,19.48,72.03,786.16,259.08,611990.1,7.75,15247.38
16/11/2023,230.19,19.12,67.74,742.32,273.87,622750.9,7.29,14666.59
17/11/2023,240.93,18.97,74.91,771.94,296.68,612288.4,7.16,14711.18
20/11/2023,236.26,19.28,78.16,758.31,307.36,624853.4,7.12,14792.8
21/11/2023,240.47,19.18,72.66,743.5,307.36,617619.1,6.69,15144.41
22/11/2023,243.27,19.28,74.11,728.1,304.9,625532.4,6.75,14705.52
23/11/2023,249.34,19.28,74.11,728.1,304.9,625532.4,6.75,14705.52
24/11/2023,254.47,20,73.53,722.77,305.51,624836.9,6.96,14783.38
27/11/2023,261.48,19.64,74.82,705.59,306.13,626790.6,6.82,14822.94
28/11/2023,263.18,19.23,75.74,799.19,307.36,633561.4,7.16,15491
29/11/2023,256.99,19.69,77.37,962.7,321.33,627187.9,6.95,15329.01
30/11/2023,252.24,18.66,69.24,861.99,325.85,627287,6.88,15074.09
1/12/2023,254.14,18.76,75.24,906.42,351.94,620002.9,6.96,14995.6
4/12/2023,253.19,19.33,74.78,1005.95,359.14,611112.7,7.19,14791.54
5/12/2023,249.86,18.92,72.45,883.32,338.18,616708.5,6.99,14988.7
6/12/2023,248.9,19.28,70.65,879.17,336.33,610550.1,6.97,15029.51
7/12/2023,234.63,19.28,70.2,969.22,349.07,614109.3,6.91,15234.82
8/12/2023,240.34,19.07,71.99,921.23,357.29,619539.3,6.96,15310.17
11/12/2023,235.1,18.61,71.99,892.8,426.73,614688.8,6.96,15052.74
12/12/2023,235.58,18.14,70.86,901.68,391.39,619787.5,6.64,14881.33
13/12/2023,237.01,19.02,74.78,988.77,401.46,619771.3,6.7,15024.48
14/12/2023,243.67,20.1,79.03,1033.2,406.5,605798.6,7.11,15762.87
15/12/2023,265.56,20,78.07,1022.54,408.37,613745.1,6.75,15916.7
18/12/2023,262.23,19.85,77.32,1058.08,415.62,616923.5,6.45,15827.54
19/12/2023,253.66,20.82,79.37,1049.79,419.76,617933.6,6.54,16150.27
20/12/2023,251.28,20.31,75.07,1002.99,410.85,613563.2,6.14,15517.37
21/12/2023,251.28,20.93,76.45,1005.95,416.03,618397.1,6.17,15979.49
22/12/2023,252.24,21.08,77.12,1005.36,414.17,620118.9,6.32,15856.42
25/12/2023,252.24,21.08,77.12,1005.36,414.17,620118.9,6.32,15856.42
26/12/2023,252.24,22.22,78.53,1028.46,421,620251.1,6.31,16111.98
27/12/2023,250.33,22.53,77.57,1088.3,416.45,619274.6,6.17,16415.23
28/12/2023,248.43,20.82,76.99,1070.53,421.63,621277.7,6.14,15896.61
29/12/2023,256.04,20.1,74.2,1038.53,416.86,622535.9,6,15601.5