end_date,beta,se,p,ci_low,ci_high
2020-01-30,-0.29216105258764946,0.08267867919576526,0.0004097970982960616,-0.45421126381134935,-0.13011084136394957
2020-02-06,-0.2653267846053459,0.08645255678585169,0.002147442630940266,-0.43477379590561527,-0.0958797733050766
2020-02-13,-0.2658873935804576,0.08773209147267516,0.002440083166099698,-0.4378422928669009,-0.09393249429401429
2020-02-20,-0.2614496406949965,0.08943154328556152,0.0034616344093454906,-0.43673546553469705,-0.08616381585529592
2020-02-27,-0.2536703054051014,0.0922236905805108,0.005948658219861506,-0.43442873894290257,-0.07291187186730022
2020-03-05,-0.21932994419126037,0.10013882994308423,0.028505479737265554,-0.4156020508797055,-0.02305783750281526
2020-03-12,-0.17733451987338636,0.10822021401058411,0.10128720066781915,-0.3894461393341312,0.0347770995873585
2020-03-19,-0.14963528933212977,0.11321207541206386,0.1862595672023708,-0.3715309571397749,0.07226037847551539
2020-03-26,-0.16634683596496322,0.10705188322007671,0.12021069055434841,-0.37616852707631354,0.04347485514638713
2020-04-02,-0.1826255125980599,0.10354560791749368,0.07777904595158949,-0.38557490411634754,0.020323878920227717
2020-04-09,-0.23329081444206795,0.10857527285603502,0.03166174990220741,-0.44609834923989655,-0.02048327964423932
2020-04-16,-0.24183132409684144,0.1071379420224317,0.02399583613762085,-0.45182169046080756,-0.03184095773287532
2020-04-23,-0.23902485584147218,0.10257560200828766,0.019793941145314846,-0.440073035777716,-0.03797667590522835
2020-04-30,-0.22762216522738676,0.09797449249966887,0.020164123029276258,-0.41965217052673776,-0.03559215992803577
2020-05-07,-0.19924858804472323,0.0929818286168379,0.03212300557020601,-0.3814929721337255,-0.017004203955720942
2020-05-14,-0.1950195178013388,0.08884175143978984,0.028154012276533687,-0.3691493506233269,-0.02088968497935073
2020-05-21,-0.19502701457440913,0.08697475172793852,0.024939369441944977,-0.36549752796116863,-0.024556501187649626
2020-05-28,-0.1950989066763435,0.08384828606084806,0.0199754585700393,-0.3594415473556057,-0.03075626599708131
2020-06-04,-0.2284013617361012,0.07529085964560188,0.002416651389315874,-0.37597144664148086,-0.08083127683072153
2020-06-11,-0.2346976274126346,0.07270401777824005,0.0012460469198072113,-0.3771975022579851,-0.0921977525672841
2020-06-18,-0.23496799574674,0.07285796143385923,0.001259662060213622,-0.37776960015710404,-0.09216639133637591
2020-06-25,-0.23988880420564931,0.0756209408362103,0.0015126083976595244,-0.3881058482446215,-0.09167176016667711
2020-07-02,-0.267025675240413,0.08024555856064214,0.0008759537090552537,-0.42430697001927153,-0.10974438046155441
2020-07-09,-0.32286233002280523,0.08091563986720086,6.604256901684359e-05,-0.4814569841625189,-0.16426767588309155
2020-07-16,-0.37462667477692246,0.0785443820377337,1.84575873511961e-06,-0.5285736635708805,-0.22067968598296442
2020-07-23,-0.42321826436082677,0.0783600423085314,6.629081745337515e-08,-0.5768039472855483,-0.26963258143610525
2020-07-30,-0.4707626053674348,0.08361257875820403,1.7991261561503374e-08,-0.6346432597335148,-0.3068819510013549
2020-08-06,-0.5285503900671207,0.09218927366616515,9.848493828347887e-09,-0.7092413664528043,-0.34785941368143697
2020-08-13,-0.5715384146182003,0.09149098432266349,4.185798060082706e-10,-0.7508607438906207,-0.3922160853457799
2020-08-20,-0.6046767334377089,0.09561689667636639,2.5495577026745695e-10,-0.792085850923387,-0.41726761595203077
2020-08-27,-0.6099604582065529,0.106668829421969,1.0761826125589161e-08,-0.8190313638736121,-0.40088955253949365
2020-09-03,-0.6287944559918789,0.12314585293833466,3.288839406534804e-07,-0.8701603277510148,-0.38742858423274296
2020-09-10,-0.6609115357944542,0.14735248642709417,7.28312836222391e-06,-0.9497224091915588,-0.37210066239734957
2020-09-17,-0.672536594372351,0.1805758306530829,0.00019578042296852075,-1.0264652224523936,-0.31860796629230853
2020-09-24,-0.7967027220554291,0.18251430663090068,1.2703429263176635e-05,-1.1544307630519945,-0.43897468105886384
2020-10-01,-0.9033306287029305,0.17664472629950992,3.156959595889104e-07,-1.2495542922499698,-0.5571069651558911
2020-10-08,-1.0052396396179897,0.18226031475494944,3.4797563062367534e-08,-1.3624698565376905,-0.6480094226982888
2020-10-15,-1.1143891064642857,0.18511882374696942,1.7456971490461315e-09,-1.4772220010083457,-0.7515562119202257
2020-10-22,-1.1858277657705574,0.20229248173172437,4.574716093843867e-09,-1.5823210299647372,-0.7893345015763776
2020-10-29,-1.2558081210423315,0.2179673505388189,8.339407594693786e-09,-1.6830241280984166,-0.8285921139862464
2020-11-05,-1.276757836045571,0.24553200157245356,1.9932596314504753e-07,-1.7580005591275798,-0.795515112963562
2020-11-12,-1.2546185481455785,0.2843933354853353,1.026280306988109e-05,-1.8120294856968355,-0.6972076105943213
2020-11-19,-1.210250372190973,0.3166758239454196,0.00013251725105485992,-1.8309349871239955,-0.5895657572579506
2020-11-26,-1.0267078194469585,0.35242544123615005,0.0035767380437585583,-1.7174616842698125,-0.3359539546241045
2020-12-03,-0.8043413909455787,0.3986734936885454,0.04363875432706096,-1.5857414385751276,-0.022941343316029705
2020-12-10,-0.546736225122497,0.4665019094185695,0.24120050963468487,-1.4610799675828932,0.3676075173378992
2020-12-17,-0.32519428668249983,0.5593921188662053,0.5610146126326432,-1.4216028396602622,0.7712142662952627
2020-12-24,-0.04551139507639368,0.552043581631888,0.9342955005163266,-1.1275168150748942,1.0364940249221068
2020-12-31,0.0899408590588241,0.4315502274903717,0.8349061782994596,-0.7558975868223045,0.9357793049399526
2021-01-07,0.037145738982174825,0.3177203331941217,0.9069287427177972,-0.5855861140783036,0.6598775920426534
2021-01-14,-0.07337705255127516,0.2164777774018622,0.7346407505377464,-0.4976734962589251,0.3509193911563747
2021-01-21,-0.011653017260541576,0.16123564318260541,0.9423844854296554,-0.3276748778984482,0.30436884337736503
2021-01-28,0.12595404375705566,0.16788546395721723,0.45311141540961686,-0.2031014655990901,0.4550095531132014
2021-02-04,0.18210914656283755,0.13681613788393637,0.18317249632684285,-0.08605048368967771,0.4502687768153528
2021-02-11,0.1748347310763412,0.1238114895545961,0.1579192664242729,-0.06783578845066715,0.41750525060334953
2021-02-18,0.17258833581535088,0.11262583910959259,0.1254226626992257,-0.0481583088394506,0.39333498047015236
2021-02-25,0.12722898166281504,0.11325104615643516,0.2612573176876384,-0.09474306880379788,0.349201032129428
2021-03-04,0.0868566119162826,0.11449938561341709,0.44810557559477404,-0.13756218388601488,0.3112754077185801
2021-03-11,0.08238386609358986,0.10983887638184699,0.4532288855654768,-0.13290033161483022,0.29766806380200994
2021-03-18,0.04070954398839138,0.10178890250480332,0.6892000561546403,-0.15879670492102313,0.2402157928978059
2021-03-25,0.0068229441705162965,0.09890593561679834,0.9450022176237654,-0.18703268963840844,0.20067857797944103
2021-04-01,-0.03265093507728872,0.0927354069758054,0.724772986408114,-0.21441233274986732,0.14911046259528987
2021-04-08,-0.06718423956105452,0.09020606438245313,0.4564009274138443,-0.24398812575066264,0.10961964662855361
2021-04-15,-0.08122270133283163,0.08536928530962597,0.34138731293266444,-0.2485465005396985,0.08610109787403525
2021-04-22,-0.11955085182374253,0.08646766952847626,0.1667852359850338,-0.28902748409955603,0.04992578045207094
2021-04-29,-0.1531403932513803,0.09055828188469267,0.0908234351559448,-0.33063462574537794,0.02435383924261733
2021-05-06,-0.18012051486598776,0.08436581566373019,0.032761495753413646,-0.34547751356689893,-0.014763516165076596
2021-05-13,-0.20338626942173102,0.08179461908666262,0.012898906588229364,-0.36370372283158975,-0.04306881601187229
2021-05-20,-0.20828734889061162,0.06927025763315933,0.002639439755712241,-0.3440570538516039,-0.07251764392961935
2021-05-27,-0.19397078094215342,0.06347109402760003,0.0022427451218058774,-0.3183741252362495,-0.06956743664805737
2021-06-03,-0.19752819546343742,0.06045550625952182,0.0010856637431057065,-0.3160209877321002,-0.07903540319477466
2021-06-10,-0.2008355133875764,0.058679272723399456,0.000620259213603996,-0.31584688792543936,-0.08582413884971347
2021-06-17,-0.20100587549061705,0.05771181034013201,0.0004959683025771579,-0.3141210237572758,-0.08789072722395831
2021-06-24,-0.2046756646131744,0.05780726256583013,0.00039913272356573403,-0.31797789924220143,-0.09137342998414735
2021-07-01,-0.19788521084937627,0.059058845268387984,0.0008062365506823029,-0.3136405475754167,-0.08212987412333582
2021-07-08,-0.1928034733367861,0.060730691879253416,0.0014997662821264642,-0.3118356294201228,-0.0737713172534494
2021-07-15,-0.1857802966431474,0.06280397163650955,0.003095437964417721,-0.30887608105070613,-0.06268451223558869
2021-07-22,-0.18554280714156107,0.06621599542000149,0.0050773590120359305,-0.315326158164764,-0.05575945611835814
2021-07-29,-0.2058479993722758,0.06771652505011694,0.0023669692241326027,-0.33857238847050497,-0.0731236102740466
2021-08-05,-0.22758745599469268,0.06810282236644409,0.0008323065423771201,-0.36106898783292307,-0.09410592415646227
2021-08-12,-0.2473943593893293,0.06902770582642336,0.00033838970334558834,-0.38268866280911906,-0.11210005596953954
2021-08-19,-0.27308064671410975,0.0693128569717598,8.154048016062996e-05,-0.40893384637875896,-0.13722744704946055
2021-08-26,-0.3027056937916178,0.06884082876510383,1.0966508676042844e-05,-0.4376337181712213,-0.1677776694120143
2021-09-02,-0.34327425626073105,0.06477409084704895,1.1608134542100985e-07,-0.47023147432094703,-0.2163170382005151
2021-09-09,-0.3662431564337413,0.06636460711670708,3.416103698669583e-08,-0.49631778638248714,-0.2361685264849954
2021-09-16,-0.39640614102331406,0.06492575818602363,1.0246033714889095e-09,-0.5236606270679204,-0.26915165497870774
2021-09-23,-0.40768220599373184,0.06995458528681414,5.615862575471875e-09,-0.5447931931558876,-0.2705712188315761
2021-09-30,-0.42387493722341235,0.07663830562383248,3.186835936034237e-08,-0.574086016246124,-0.2736638582007007
2021-10-07,-0.43386549928101353,0.0880647989782337,8.364626178198741e-07,-0.6064725052783516,-0.26125849328367545
2021-10-14,-0.4528116749367686,0.10060860499971422,6.77220404541616e-06,-0.6500045407362085,-0.2556188091373287
2021-10-21,-0.4707059277363335,0.11472554919486706,4.0802712343394835e-05,-0.695568004158273,-0.24584385131439407
2021-10-28,-0.5227238261533703,0.12491201621585536,2.8549755256972777e-05,-0.7675513779364468,-0.27789627437029385
2021-11-04,-0.5794080866991851,0.13857394257399464,2.89949642391787e-05,-0.8510130141442145,-0.30780315925415563
2021-11-11,-0.6826378738230686,0.1300584455524724,1.531755765191929e-07,-0.9375524271059146,-0.4277233205402227
2021-11-18,-0.7750913689282838,0.1295830067299479,2.211904120832164e-09,-1.0290740621189816,-0.5211086757375859
2021-11-25,-0.8678842699820282,0.11902542484454877,3.063244131036363e-13,-1.1011741026773438,-0.6345944372867126
2021-12-02,-0.9224399408428435,0.11747519321155497,4.087677818026829e-15,-1.1526913195374913,-0.6921885621481958
2021-12-09,-0.8437041313046122,0.11304229145170125,8.418039943468774e-14,-1.0652670225499465,-0.6221412400592777
2021-12-16,-0.8390276501977605,0.13817844521581518,1.2628063985272045e-09,-1.1098574028207582,-0.5681978975747628
2021-12-23,-0.9033868754309884,0.16819930552168502,7.833115013831724e-08,-1.233057514253491,-0.5737162366084858
2021-12-30,-1.022174599413499,0.16888518870452995,1.4263075838068959e-09,-1.3531895692743776,-0.6911596295526203
2022-01-06,-1.0955518702363782,0.16923836043096124,9.580584114370694e-11,-1.4272590566810623,-0.7638446837916941
2022-01-13,-1.0931793399695493,0.1782179523006337,8.572549336245421e-10,-1.4424865264787914,-0.7438721534603072
2022-01-20,-1.0124223596845556,0.17407743295280673,6.029729313200701e-09,-1.3536141282720568,-0.6712305910970544
2022-01-27,-0.9214273128551658,0.17193919614449182,8.366995518739119e-08,-1.2584281372983697,-0.5844264884119619
2022-02-03,-0.8518084564270675,0.16885921759437134,4.547351218941754e-07,-1.1827725229120354,-0.5208443899420997
2022-02-10,-0.7938202726095216,0.1630372023142557,1.1219179096143283e-06,-1.1133731891454628,-0.47426735607358045
2022-02-17,-0.7198969690630642,0.1658760969424824,1.4250340220891863e-05,-1.0450141190703297,-0.39477981905579873
2022-02-24,-0.6449549414796814,0.1620970365546729,6.925813005739478e-05,-0.9626651331268402,-0.3272447498325225
2022-03-03,-0.6417608740904833,0.15202000891502018,2.426224153857513e-05,-0.9397200915639229,-0.34380165661704376
2022-03-10,-0.6661710673035219,0.1478533556867838,6.6179361585219526e-06,-0.9559636444496182,-0.3763784901574257
2022-03-17,-0.6990270112225972,0.14044370800134687,6.448554439896932e-07,-0.9742966789052371,-0.4237573435399574
2022-03-24,-0.7026876402516694,0.14011618627173414,5.302369051677629e-07,-0.9773153653442683,-0.4280599151590705
2022-03-31,-0.6917828485075022,0.13891854734841022,6.365885550572237e-07,-0.9640632013103863,-0.4195024957046181
2022-04-07,-0.6713877089255245,0.13858246063575702,1.26815748337841e-06,-0.9430093317716082,-0.3997660860794407
2022-04-14,-0.6458402631981173,0.14472025120076554,8.09406431098801e-06,-0.9294919555516177,-0.3621885708446168
2022-04-21,-0.5518728790418007,0.1575343745146214,0.0004597210502853948,-0.8606402530904587,-0.24310550499314276
2022-04-28,-0.444030931411835,0.17194802336999349,0.009812843321667703,-0.7810490572170222,-0.10701280560664772
2022-05-05,-0.32861286214575103,0.18550685799185296,0.0764888216082694,-0.6922063038097828,0.03498057951828076
2022-05-12,-0.16584802889271819,0.2022577375077951,0.41222545314841175,-0.5622731944079966,0.2305771366225602
2022-05-19,-0.1295115548695091,0.18120683497236328,0.47478410359213397,-0.4846769514153411,0.2256538416763229
2022-05-26,0.014518859749669585,0.19423508375124374,0.9404144962192414,-0.3661819044027681,0.3952196239021073
2022-06-02,0.10831549463678908,0.19015604472576356,0.568939711463222,-0.26439035302570746,0.4810213422992856
2022-06-09,0.19400736445378317,0.1904518287363268,0.3083601581270271,-0.17927821986941736,0.5672929487769837
2022-06-16,0.2610186810256968,0.19076889996595503,0.17123525671188944,-0.11288836290757503,0.6349257249589686
2022-06-23,0.21918619901318404,0.16252232725654656,0.17744849836099352,-0.09935756240964722,0.5377299604360153
2022-06-30,0.11055806020930617,0.1519985495294958,0.4670038589912666,-0.18735909686850558,0.4084752172871179
2022-07-07,0.01953423607677489,0.13790537514897838,0.8873568162696616,-0.25076029921522275,0.28982877136877255
2022-07-14,-0.043365498919627425,0.11803788923059122,0.7133309174411719,-0.2747197618115862,0.18798876397233136
2022-07-21,-0.11565604205263288,0.1079740404368682,0.2841034522686816,-0.32728516130889457,0.0959730772036288
2022-07-28,-0.10239505707305342,0.10058993871536218,0.3087039437844036,-0.2995513369551633,0.09476122280905645
2022-08-04,-0.07995831806918749,0.09422081283963489,0.3960889234099938,-0.2646311112348719,0.1047144750964969
2022-08-11,-0.05932085950612542,0.09050067185200594,0.5121624635706692,-0.23670217633605706,0.11806045732380621
2022-08-18,-0.040169097079725574,0.08354406723976844,0.6306492102391519,-0.2039154688696717,0.12357727471022056
2022-08-25,-0.026636270669027476,0.08090660586398413,0.741987558400646,-0.18521321816243635,0.13194067682438143
2022-09-01,-0.013154237531306463,0.077944152200057,0.8659815631527273,-0.16592477584341817,0.13961630078080525
2022-09-08,-0.0218511015234601,0.07463541113775267,0.7696970161550569,-0.1681365073534553,0.12443430430653513
2022-09-15,-0.03388152559465906,0.07114534212948806,0.6339107360503309,-0.17332639616845566,0.10556334497913752
2022-09-22,-0.06333788282891135,0.06425480069867588,0.3242656381016802,-0.18927729219831607,0.06260152654049338
2022-09-29,-0.11579026714725899,0.042653788255657424,0.006634509166737947,-0.19939169212834754,-0.032188842166170434
2022-10-06,-0.12032772828116954,0.040920524100341596,0.0032765903704151844,-0.20053195551783906,-0.04012350104450002
2022-10-13,-0.12478321195435302,0.03886507913558195,0.0013242273231241553,-0.20095876706009363,-0.04860765684861239
2022-10-20,-0.11206645190733955,0.03792349949573994,0.0031260195703474783,-0.18639651091898984,-0.037736392895689266
2022-10-27,-0.10457527565271897,0.03739480252759534,0.005165637407602704,-0.17786908860680584,-0.031281462698632106
2022-11-03,-0.09027542848382358,0.03672673455015803,0.013970136415319936,-0.1622598282021333,-0.018291028765513848
2022-11-10,-0.08003774777727576,0.0361721443513673,0.026919014440130336,-0.15093515070595567,-0.009140344848595855
2022-11-17,-0.08400614675869236,0.0350342447668645,0.016492538600745725,-0.15267326650174678,-0.01533902701563794
2022-11-24,-0.08875304033355298,0.03578542383098117,0.013132896115133495,-0.15889247104227608,-0.018613609624829885
2022-12-01,-0.08953844162917723,0.036920317621796275,0.015300768864182178,-0.16190226416789794,-0.017174619090456533
2022-12-08,-0.08593867651650376,0.0372656396294471,0.021104468233616617,-0.1589793301902201,-0.012898022842787446
2022-12-15,-0.08840389747878954,0.03825347732610109,0.02083269407222436,-0.16338071303794768,-0.013427081919631406
2022-12-22,-0.08894230387593471,0.039487152352372386,0.02429470030077659,-0.16633712248658458,-0.011547485265284846
2022-12-29,-0.10530721643224951,0.04594691232614485,0.021909545055505325,-0.1953631645914934,-0.015251268273005616
2023-01-05,-0.13852104039512564,0.05466731339472287,0.011280365527292129,-0.24566897464878246,-0.03137310614146882
2023-01-12,-0.1735683636364801,0.059566552796333695,0.003569944148271646,-0.29031880711729413,-0.05681792015566606
2023-01-19,-0.1930952792271961,0.060618478345895434,0.0014454434256709564,-0.3119074967851512,-0.07428306166924105
2023-01-26,-0.2161289452674619,0.05909924952202754,0.0002551340415760298,-0.3319634743306359,-0.10029441620428793
2023-02-02,-0.22597294757710587,0.0569459207733649,7.241677482243618e-05,-0.33758695229290103,-0.11435894286131068
2023-02-09,-0.21561850470232333,0.058685919639886494,0.00023868020923913384,-0.33064290719650086,-0.1005941022081458
2023-02-16,-0.21787898859920346,0.06265665193059453,0.0005063999256258394,-0.3406860263831687,-0.0950719508152382
2023-02-23,-0.25402631479686666,0.05766785935823328,1.0578900324755483e-05,-0.3670553191390039,-0.14099731045472944
2023-03-02,-0.27601087569991406,0.05729288437934975,1.4533751883065289e-06,-0.38830492908343955,-0.16371682231638857
2023-03-09,-0.3064216100890985,0.05486682368318658,2.339356194877462e-08,-0.4139605845081442,-0.19888263567005282
2023-03-16,-0.3355656324568169,0.05220869711346782,1.2981388129586552e-10,-0.43789467879921384,-0.23323658611442
2023-03-23,-0.36244474336285365,0.05168400596710249,2.3375216781420715e-12,-0.46374539505837453,-0.26114409166733277
2023-03-30,-0.37614854444135776,0.057555494754894854,6.343707755996034e-11,-0.4889573141609517,-0.26333977472176384
2023-04-06,-0.4030652668894967,0.061156566956246224,4.377248144096465e-11,-0.5229321381237393,-0.28319839565525406
2023-04-13,-0.4104643274843482,0.06869617672709614,2.299942238867979e-09,-0.5451088338694566,-0.27581982109923975
2023-04-20,-0.42323984218265054,0.079379235065491,9.720597920944571e-08,-0.5788231429110129,-0.2676565414542882
2023-04-27,-0.443986839362242,0.09328230562189263,1.9397311145535553e-06,-0.6268201583811516,-0.2611535203433324
2023-05-04,-0.47514261743297054,0.10870468727857932,1.237078271353219e-05,-0.688203804498986,-0.2620814303669551
2023-05-11,-0.5825541897084426,0.08928712478792597,6.822699650919152e-11,-0.7575569542927776,-0.40755142512410775
2023-05-18,-0.583668381730698,0.09531343936299777,9.144218753688931e-10,-0.7704827228821737,-0.39685404057922236
2023-05-25,-0.5860772476906774,0.10521012955243643,2.539508282347761e-08,-0.7922891016134528,-0.37986539376790196
2023-06-01,-0.552247673259741,0.11900006671626184,3.471735405453229e-06,-0.7854878040236142,-0.3190075424958678
2023-06-08,-0.5400890591650456,0.15284816198460732,0.0004100952901384543,-0.839671456654876,-0.24050666167521523
2023-06-15,-0.5686292577083282,0.17443259273164213,0.001114595018271595,-0.9105171394623468,-0.2267413759543096
2023-06-22,-0.6262047282538263,0.17372505579868017,0.0003126659863812838,-0.9667058376192394,-0.2857036188884132
2023-06-29,-0.7023799561561053,0.16317123511387052,1.673198678293169e-05,-1.0221955769792914,-0.38256433533291906
2023-07-06,-0.7590160992181876,0.1576701998247791,1.4797753415105805e-06,-1.0680496908747545,-0.44998250756162056
2023-07-13,-0.8405833248766029,0.13864117989670247,1.3359456972637713e-09,-1.1123200374741398,-0.5688466122790661
2023-07-20,-0.8604947913750025,0.14193903324657883,1.340840581518896e-09,-1.138695296538297,-0.582294286211708
2023-07-27,-0.8901511590036971,0.1474608331093752,1.5746735053811542e-09,-1.1791743918980724,-0.6011279261093218
2023-08-03,-0.9195081000306734,0.1585915954045444,6.7125514471934916e-09,-1.2303476270235805,-0.6086685730377663
2023-08-10,-0.9367037338025809,0.1667320923676728,1.931614689035379e-08,-1.2634986348432196,-0.6099088327619422
2023-08-17,-0.9667781284471667,0.18523518934244415,1.7970481682368083e-07,-1.3298390995583573,-0.6037171573359762
2023-08-24,-0.9824187570772956,0.20389716401119332,1.4485399657614132e-06,-1.3820571985392345,-0.5827803156153568
2023-08-31,-1.0419415575124729,0.21554808382584698,1.338723867162391e-06,-1.4644158018111328,-0.6194673132138129
2023-09-07,-1.0802946128613242,0.22239646872956406,1.188669745423163e-06,-1.5161916915712697,-0.6443975341513787
2023-09-14,-1.0909973527295433,0.23097226639843174,2.3182068801922795e-06,-1.5437029948704695,-0.6382917105886172
2023-09-21,-1.116551285218797,0.24000082404323458,3.2828323135325816e-06,-1.5869529003435368,-0.6461496700940573
2023-09-28,-1.2258871124704251,0.24292075685417044,4.5009791536913605e-07,-1.7020117959045993,-0.749762429036251
2023-10-05,-1.378329717242473,0.23482185019667043,4.3663034742667255e-09,-1.8385805436279472,-0.918078890856999
2023-10-12,-1.4069882166124732,0.26503451303417247,1.1041103711644737e-07,-1.9264558621594512,-0.8875205710654952
2023-10-19,-1.4153932220035954,0.302307031231968,2.841275346484526e-06,-2.007915003218253,-0.8228714407889381
2023-10-26,-1.370054224490905,0.3313519543124206,3.553565075541103e-05,-2.0195040549432495,-0.7206043940385607
2023-11-02,-1.2763295330816904,0.3426299804575104,0.00019524098906777815,-1.9478842947784107,-0.6047747713849699
2023-11-09,-1.349489654995029,0.345041029827263,9.18770685683377e-05,-2.0257700734564645,-0.6732092365335937
2023-11-16,-1.3469439626378144,0.35791946181777856,0.0001677127346522912,-2.0484661078006603,-0.6454218174749684
2023-11-23,-1.2812728853341075,0.359224497315143,0.00036140179932926333,-1.9853529000717878,-0.5771928705964273
2023-11-30,-1.1945449256451866,0.361490829157571,0.0009514740250962775,-1.9030669507940257,-0.48602290049634733
2023-12-07,-1.2240310797653755,0.35082021721843304,0.00048473115975113215,-1.9116387055135042,-0.5364234540172468
2023-12-14,-1.076047215009756,0.3310466759057547,0.001152267539530496,-1.7248986997850353,-0.42719573023447677
2023-12-21,-0.9975295936754334,0.3256983073253793,0.0021931971616173827,-1.6358982760331768,-0.3591609113176899
2023-12-28,-0.9037757449408363,0.3030353583347257,0.002859885292636077,-1.4977250472768988,-0.309826442604774
2024-01-04,-0.8348105542157088,0.2907365308414066,0.004087039546106055,-1.4046541546648657,-0.2649669537665519
2024-01-11,-0.7844278060464343,0.27806002236385635,0.004786321073287661,-1.3294254498795928,-0.23943016221327584
2024-01-18,-0.741337429264689,0.28159418129313896,0.008472292470278186,-1.2932620245992412,-0.18941283393013675
2024-01-25,-0.5869896182380312,0.30616128993210406,0.05520539685245276,-1.1870657465049552,0.013086510028892717
2024-02-01,-0.4436891476440027,0.34946682064007495,0.20422095705265997,-1.1286441160985494,0.24126582081054415
2024-02-08,-0.31012899178731246,0.39918877379475937,0.43721890431598665,-1.0925389884250407,0.4722810048504159
2024-02-15,-0.039569569890251954,0.4572160122992511,0.9310335155551667,-0.935712953996784,0.8565738142162801
2024-02-22,0.20467443604035596,0.3929468931029799,0.6024570023298887,-0.5655014744414847,0.9748503465221966
2024-02-29,0.3064754007142628,0.36067391962027573,0.39547529086553457,-0.40044548174147754,1.0133962831700032
2024-03-07,0.3366544703951949,0.2933029084077001,0.25104917749035793,-0.23821923008389734,0.9115281708742872
2024-03-14,0.25287575167604925,0.2631946657562147,0.3366559547712148,-0.2629857932061316,0.7687372965582301
2024-03-21,0.14604821072162552,0.25077387807555274,0.5603039838923268,-0.3454685903064578,0.6375650117497089
2024-03-28,0.08530805053033082,0.2237539863988582,0.7030116390503107,-0.3532497628114313,0.5238658638720929
2024-04-04,0.020946805117950537,0.21256935802356114,0.9215026871549329,-0.3956891366082293,0.4375827468441304
2024-04-11,-0.028665749588551764,0.17957868326060528,0.8731742809497183,-0.3806399687793381,0.3233084696022345
2024-04-18,-0.08818552970227661,0.1735990867397867,0.61146468026512,-0.4284397397122585,0.2520686803077053
2024-04-25,-0.06626646922872005,0.15089314193096667,0.6605444682152888,-0.36201702741341474,0.22948408895597466
2024-05-02,-0.09392894664482655,0.13888376171266795,0.4988416979708278,-0.3661411196016557,0.1782832263120026
2024-05-09,-0.025357855289529774,0.11320800987667984,0.8227623820997295,-0.24724555464782225,0.1965298440687627
2024-05-16,-0.021637511364979684,0.08761013300703051,0.8049275828623546,-0.19335337205875947,0.1500783493288001
2024-05-23,-0.03350264811171022,0.08593803146083732,0.6966499936509262,-0.20194118977495137,0.13493589355153093
2024-05-30,-0.04890471309448806,0.0865147546825516,0.5718860610694614,-0.21847363227228916,0.12066420608331306
2024-06-06,-0.062384862506834796,0.08854022343913354,0.48106326875178174,-0.23592370044753652,0.11115397543386694
2024-06-13,-0.08846475299682174,0.09343519876073395,0.3437390282300039,-0.2715977425678603,0.09466823657421677
2024-06-20,-0.11455794732982896,0.09958884424432726,0.2500166108187343,-0.3097520820487104,0.08063618738905245
2024-06-27,-0.11675106597751894,0.09228576296728794,0.20583413423989683,-0.2976311613934033,0.0641290294383654
2024-07-04,-0.11383287541247854,0.07904164563596518,0.1498212101317354,-0.2687545008589703,0.0410887500340132
2024-07-11,-0.1329541355924105,0.07628959494722723,0.08137627657959015,-0.2824817416889759,0.016573470504154864
2024-07-18,-0.16636741893940074,0.07304158059259915,0.02274395915703452,-0.30952891690089507,-0.023205920977906414
2024-07-25,-0.19859672403718165,0.07335530523268816,0.006782761896740664,-0.34237312229325045,-0.05482032578111287
2024-08-01,-0.22302286118876746,0.07220153733011367,0.002009034262769635,-0.3645378743557902,-0.08150784802174468
2024-08-08,-0.26178535948066695,0.07221071081941642,0.00028862821494897315,-0.4033183526867231,-0.12025236627461075
2024-08-15,-0.3045875276323451,0.07334400741131729,3.283430297279689e-05,-0.44834178215852694,-0.16083327310616322
2024-08-22,-0.3347085393020618,0.07407415017258827,6.226144276785176e-06,-0.47989387364033476,-0.1895232049637888
2024-08-29,-0.3700281394493752,0.07277065934855648,3.67910000690579e-07,-0.5126586317725459,-0.2273976471262045
2024-09-05,-0.39212100772235386,0.07561041138895407,2.1477625584691446e-07,-0.5403174140447038,-0.2439246014000039
2024-09-12,-0.4394281768727928,0.06992166263423868,3.2874441520835797e-10,-0.5764746356359006,-0.30238171810968495
2024-09-19,-0.4791333347252316,0.06718294111510645,9.908580757470796e-13,-0.6108118993108402,-0.347454770139623
2024-09-26,-0.48805886418360483,0.07617125316376216,1.4803260013057755e-10,-0.6373545203845787,-0.338763207982631
2024-10-03,-0.5081095594019838,0.08622888277574749,3.80239430420456e-09,-0.6771181696424489,-0.33910094916151867
2024-10-10,-0.494534592821504,0.0994791237134445,6.652605662821508e-07,-0.6895136752998552,-0.2995555103431528
2024-10-17,-0.5090696661535591,0.12250029460026908,3.243488010648751e-05,-0.7491702435700864,-0.2689690887370317
2024-10-24,-0.5694381421955823,0.13012290728515383,1.2079057690732173e-05,-0.8244790404744837,-0.31439724391668084
2024-11-01,-0.5823769021156017,0.1444708341148949,5.55155604953195e-05,-0.8655397369807957,-0.29921406725040767
2024-11-08,-0.5706596966143412,0.16432151688952157,0.0005150130924336455,-0.8927298697178034,-0.24858952351087898
2024-11-15,-0.5837365891885826,0.1821505373224879,0.0013520651305838343,-0.9407516423406589,-0.22672153603650635
2024-11-22,-0.5739830995799058,0.19760758347389248,0.0036765071509377114,-0.9612939631887351,-0.18667223597107652
2024-11-29,-0.5963288709890852,0.20895981696809865,0.004320014432191495,-1.0058901122465584,-0.18676762973161182
2024-12-06,-0.6226187203281603,0.19789354509146956,0.001653895681803746,-1.0104900687074407,-0.23474737194888
2024-12-13,-0.6328775391911192,0.1935344204048437,0.0010750823186186382,-1.0122050031846128,-0.25355007519762557
2024-12-20,-0.6824087218856125,0.1848483788134541,0.00022274135210090918,-1.0447115443599826,-0.3201058994112425
2024-12-27,-0.7224605816012326,0.18069702336573015,6.382937861020965e-05,-1.0766267473980637,-0.36829441580440153
2025-01-03,-0.7704119631763604,0.17233085989185945,7.802243227620557e-06,-1.108180448564405,-0.4326434777883159
2025-01-10,-0.8344655586966397,0.149635327299245,2.451783882124984e-08,-1.12775080020316,-0.5411803171901195
2025-01-17,-0.8085468149925069,0.1617059964819692,5.729937078895431e-07,-1.1254905680971665,-0.4916030618878473
2025-01-24,-0.8206413969985824,0.17606094154215657,3.1449136437587562e-06,-1.1657208424212093,-0.47556195157595554
2025-01-31,-0.7407144408280737,0.19556506375966326,0.0001521338667507715,-1.1240219657970136,-0.3574069158591337
2025-02-07,-0.6224179184504381,0.17977294442268246,0.0005356899309634711,-0.9747728895188958,-0.2700629473819805
2025-02-14,-0.5725151560790575,0.1706862397522297,0.0007959587059737968,-0.9070601859934277,-0.2379701261646872
2025-02-21,-0.5620089896311912,0.18156025132778852,0.0019652067155499714,-0.9178670822336567,-0.2061508970287257
2025-02-28,-0.575560680950315,0.18233434601786633,0.0015960788455849965,-0.932935999145333,-0.21818536275529699
2025-03-07,-0.5552688571349591,0.16631101857053956,0.0008416001096395125,-0.8812384535332167,-0.22929926073670154
2025-03-14,-0.5658618174709702,0.15568379613211888,0.0002783186877079989,-0.8710020578899231,-0.2607215770520172
2025-03-21,-0.5549281561058027,0.15283019609068899,0.0002823129142764031,-0.8544753404435531,-0.2553809717680523
2025-03-28,-0.5562052107504954,0.1492782981581206,0.00019457200510268922,-0.8487906751404118,-0.26361974636057905
2025-04-04,-0.5505024049480732,0.14873612495824134,0.00021458078018298923,-0.8420252098662262,-0.2589796000299202
2025-04-11,-0.5320294148600228,0.1487062078832878,0.00034660230893028755,-0.8234935823112668,-0.24056524740877866
2025-04-18,-0.5008805822020291,0.15518366234161884,0.00124805864615898,-0.805040560391602,-0.19672060401245622
2025-04-25,-0.482869287364032,0.16154186083426988,0.0027977496760421706,-0.799491334599201,-0.16624724012886305
