Variable,N,Mean,Std Dev,Min,Max,Skewness
Bitcoin Daily Return (%),3403,0.23,3.6,-26.6,19.83,-0.02
Bitcoin Price (USD),3404,25546.62,26359.67,359.55,111068.54,1.21
CEIR,2334,21.72,291.08,-456.94,8633.36,21.46
Bitcoin Energy (TWh/year),2334,101.95,42.57,36.8,175.87,0.56
Google Trends (Bitcoin),2678,35.59,18.98,13.0,100.0,1.45
Economic Policy Uncertainty,14670,124.7,57.85,44.78,503.96,2.2
Ethereum Daily Return (%),2660,0.15,4.56,-33.69,38.28,0.32
Ethereum Price (USD),2661,1567.84,1229.38,81.77,4800.1,0.41
