"2012-2013 Solar home electricity data - sample rows from the public Ausgrid wide-row format",,,,,,,,,,,,,,,,,,,,,,,,,,,,,,,,,,,,,,,,,,,,,,,,,,,,,
Customer,Generator Capacity,Postcode,Consumption Category,date,0:30,1:00,1:30,2:00,2:30,3:00,3:30,4:00,4:30,5:00,5:30,6:00,6:30,7:00,7:30,8:00,8:30,9:00,9:30,10:00,10:30,11:00,11:30,12:00,12:30,13:00,13:30,14:00,14:30,15:00,15:30,16:00,16:30,17:00,17:30,18:00,18:30,19:00,19:30,20:00,20:30,21:00,21:30,22:00,22:30,23:00,23:30,0:00,Row Quality
1,3.78,2076,CL,1/07/2012,1.25,1.25,1.25,1.263,0.131,0.569,0.556,0,0,0.95,0,0,0,0,0,0,0,0,0,0,0,0,0,0,0,0,0,0,0,0,0,0,0,0,0,0,0,0,0,0,0,0,0,0,0,0,0,1.081,
1,3.78,2076,GC,1/07/2012,0.855,0.786,0.604,0.544,0.597,0.612,1.245,0.665,0.076,0.14,0.657,0.337,0.048,0.101,0.05,0.219,0.334,0.164,0.374,0.201,0.077,0.38,0.051,0.11,0.043,0.109,0.292,0.109,0.042,0.107,0.043,0.409,0.133,0.099,0.087,0.087,0.385,0.211,0.329,0.374,0.447,0.549,0.136,0.288,0.181,0.651,0.09,0.068,
1,3.78,2076,GG,1/07/2012,0,0,0,0,0,0,0,0,0,0,0,0,0,0,0.006,0.038,0.088,0.175,0.281,0.419,0.581,0.619,0.681,0.488,0.513,0.125,0.95,1.156,1.056,0.7,0.6,0.2,0.044,0.006,0,0,0,0,0,0,0,0,0,0,0,0,0,0,
1,3.78,2076,CL,2/07/2012,1.25,1.25,1.125,0,0.925,0.231,0,0.488,0.513,0,0,0,0,0,0,0,0,0,0,0,0,0,0,0,0,0,0,0,0,0,0,0,0,0,0,0,0,0,0,0,0,0,0,0,0,0,0,1.069,
1,3.78,2076,GC,2/07/2012,0.309,0.082,0.059,0.097,0.29,0.155,0.703,0.688,0.044,0.395,0.64,0.09,0.065,0.078,0.386,0.177,0.491,0.072,0.345,0.341,0.104,0.624,0.429,0.966,0.273,0.311,0.128,0.06,0.345,0.063,0.086,0.076,0.07,0.326,0.068,0.191,0.472,1.056,0.696,0.353,0.464,0.229,0.811,0.222,0.306,1.034,0.136,0.067,
1,3.78,2076,GG,2/07/2012,0,0,0,0,0,0,0,0,0,0,0,0,0,0,0,0.019,0.025,0.044,0.244,0.481,0.663,0.769,0.844,1,0.775,0.756,0.869,0.725,0.744,0.913,0.631,0.294,0.031,0.006,0,0,0,0,0,0,0,0,0,0,0,0,0,0,
1,3.78,2076,CL,3/07/2012,1.244,1.25,1.25,1.256,1.244,1.238,0.225,0.869,0.394,0,1.019,0,0,0,0,0,0,0,0,0,0,0,0,0,0,0,0,0,0,0,0,0,0,0,0,0,0,0,0,0,0,0,0,0,0,0,0,1.081,
1,3.78,2076,GC,3/07/2012,0.092,0.076,0.318,0.088,0.061,0.16,0.95,0.692,0.045,0.158,0.636,1.161,0.467,0.586,0.092,0.197,0.404,0.536,0.109,0.093,0.357,0.082,0.225,0.387,0.247,0.517,0.118,0.138,0.163,1.046,1.733,1.422,1.36,1.052,0.584,0.247,0.828,0.19,0.268,0.33,0.654,0.406,0.141,0.073,0.19,0.902,0.098,0.066,
1,3.78,2076,GG,3/07/2012,0,0,0,0,0,0,0,0,0,0,0,0,0,0,0,0.019,0.031,0.05,0.213,0.481,0.663,0.769,0.838,0.919,1,1.031,1.1,1.138,1.006,0.838,0.688,0.35,0.069,0.013,0,0,0,0,0,0,0,0,0,0,0,0,0,0,
